date,code,open,high,low,close,volume,amount,adjustflag,turn,tradestatus,pctChg,peTTM,pbMRQ,psTTM,pcfNcfTTM,isST
2018-01-31,sh.601838,8.3900,10.0700,8.3900,10.0700,199080,1999528.0000,3,0.055112,1,44.062950,9.305544,1.521949,3.767907,3.607576,0
2018-02-01,sh.601838,11.0800,11.0800,11.0800,11.0800,137803,1526857.0000,3,0.038149,1,10.029790,10.238870,1.674597,4.145820,3.969408,0
2018-02-02,sh.601838,12.1900,12.1900,12.1900,12.1900,429196,5231899.0000,3,0.118817,1,10.018050,11.264606,1.842359,4.561150,4.367065,0
2018-02-05,sh.601838,13.4100,13.4100,13.4100,13.4100,1715598,23006169.0000,3,0.474939,1,10.008210,12.391990,2.026746,5.017639,4.804130,0
2018-02-06,sh.601838,14.7500,14.7500,14.7500,14.7500,5059394,74626062.0000,3,1.400621,1,9.992544,13.630265,2.229270,5.519029,5.284185,0
2018-02-07,sh.601838,16.2300,16.2300,16.2200,16.2300,50002289,811537077.0000,3,13.842417,1,10.033900,14.997912,2.452953,6.072803,5.814395,0
2018-02-08,sh.601838,16.3300,16.6000,14.6100,14.7000,182702481,2774883193.0000,3,50.578563,1,-9.426986,13.584061,2.221713,5.500321,5.266273,0
2018-02-09,sh.601838,13.8700,14.1300,13.2400,13.4400,121384419,1659674061.0000,3,33.603536,1,-8.571430,12.419713,2.031281,5.028865,4.814878,0
2018-02-12,sh.601838,13.7500,14.5400,13.2100,14.0100,104620358,1443553487.0000,3,28.962646,1,4.241076,12.946442,2.117429,5.242142,5.019080,0
2018-02-13,sh.601838,13.8800,14.1700,12.8400,12.8800,104302879,1412151641.0000,3,28.874757,1,-8.065668,11.902225,1.946644,4.819328,4.614258,0
2018-02-14,sh.601838,12.5100,12.8500,12.2100,12.2300,68537278,851441946.0000,3,18.973563,1,-5.046588,11.301569,1.848405,4.576117,4.381395,0
2018-02-22,sh.601838,12.4500,12.8800,12.2800,12.5400,65818765,828666668.0000,3,18.220982,1,2.534754,11.588036,1.895257,4.692110,4.492453,0
2018-02-23,sh.601838,12.3200,12.6000,12.3200,12.4800,50546152,628429729.0000,3,13.992978,1,-0.478472,11.532591,1.886189,4.669660,4.470958,0
2018-02-26,sh.601838,12.7000,13.5000,12.5300,13.2500,96056564,1243422818.0000,3,26.591883,1,6.169876,12.244137,2.002565,4.957772,4.746810,0
2018-02-27,sh.601838,13.0500,13.1700,12.8000,12.9300,63431235,821296616.0000,3,17.560028,1,-2.415092,11.948429,1.954201,4.838037,4.632170,0
2018-02-28,sh.601838,12.7500,12.7700,12.3600,12.6000,59299743,745361437.0000,3,16.416284,1,-2.552203,11.643481,1.904326,4.714560,4.513948,0
2018-03-01,sh.601838,12.4200,12.7500,12.3800,12.7000,49015644,616502299.0000,3,13.569278,1,0.793646,11.735889,1.919439,4.751978,4.549773,0
2018-03-02,sh.601838,12.5000,13.3300,12.4300,12.9300,85878202,1113773715.0000,3,23.774149,1,1.811028,11.948429,1.954201,4.838037,4.632170,0
2018-03-05,sh.601838,12.8700,12.9800,12.6100,12.7800,50596457,644758631.0000,3,14.006904,1,-1.160097,11.809816,1.931530,4.781911,4.578433,0
2018-03-06,sh.601838,12.9000,13.3100,12.8500,13.2700,86475044,1132047764.0000,3,23.939376,1,3.834122,12.262618,2.005587,4.965255,4.753975,0
2018-03-07,sh.601838,13.8000,14.0000,12.8800,12.9000,96406462,1293465607.0000,3,26.688747,1,-2.788250,11.920707,1.949667,4.826812,4.621423,0
2018-03-08,sh.601838,12.6300,12.8300,12.5500,12.7800,56704142,720038225.0000,3,15.697729,1,-0.930232,11.809816,1.931530,4.781911,4.578433,0
2018-03-09,sh.601838,12.7100,12.9900,12.6700,12.9300,48964232,627859431.0000,3,13.555046,1,1.173713,11.948429,1.954201,4.838037,4.632170,0
2018-03-12,sh.601838,12.9800,13.1800,12.8000,13.0500,64281738,836254036.0000,3,17.795478,1,0.928073,12.059319,1.972337,4.882938,4.675160,0
2018-03-13,sh.601838,13.0000,13.4300,12.8500,12.8800,63552334,832656601.0000,3,17.593553,1,-1.302683,11.902225,1.946644,4.819328,4.614258,0
2018-03-14,sh.601838,12.6000,12.7500,12.5500,12.6500,43527696,549774686.0000,3,12.050019,1,-1.785718,11.689685,1.911882,4.733269,4.531860,0
2018-03-15,sh.601838,12.5100,12.5600,11.9000,12.0700,56805500,693567329.0000,3,15.725788,1,-4.584980,11.153715,1.824223,4.516250,4.324075,0
2018-03-16,sh.601838,12.0300,12.1400,11.8400,11.8600,31022232,371740682.0000,3,8.588060,1,-1.739851,10.959657,1.792484,4.437674,4.248843,0
2018-03-19,sh.601838,11.8100,11.9700,11.6400,11.9400,26761989,316409957.0000,3,7.408673,1,0.674536,11.033584,1.804575,4.467607,4.277503,0
2018-03-20,sh.601838,11.7600,11.9500,11.7200,11.8800,21998727,260179863.0000,3,6.090032,1,-0.502508,10.978139,1.795507,4.445157,4.256008,0
2018-03-21,sh.601838,11.9000,12.2600,11.8500,11.9300,44150969,532573563.0000,3,12.222563,1,0.420877,11.024343,1.803064,4.463866,4.273921,0
2018-03-22,sh.601838,11.9200,11.9700,11.5800,11.6500,33809873,396494027.0000,3,9.359779,1,-2.347030,10.765599,1.760745,4.359098,4.173611,0
2018-03-23,sh.601838,11.2000,11.2800,10.5000,10.6300,46122816,503210592.0000,3,12.768440,1,-8.755361,9.823032,1.606586,3.977443,3.808196,0
2018-03-26,sh.601838,10.3600,10.8500,10.1700,10.7700,26779262,282233165.0000,3,7.413455,1,1.317030,9.952404,1.627745,4.029827,3.858351,0
2018-03-27,sh.601838,10.8800,11.0900,10.8100,10.8900,27841946,303590734.0000,3,7.707644,1,1.114205,10.063294,1.645881,4.074727,3.901341,0
2018-03-28,sh.601838,10.7400,11.6300,10.6700,10.9900,41569182,463048437.0000,3,11.507832,1,0.918268,10.155703,1.660995,4.112144,3.937166,0
2018-03-29,sh.601838,10.9300,11.2000,10.7700,11.1500,35248507,388284238.0000,3,9.758044,1,1.455868,10.303557,1.685177,4.172012,3.994486,0
2018-03-30,sh.601838,11.1000,11.1600,11.0200,11.0500,24338286,269198341.0000,3,6.737706,1,-0.896856,10.211148,1.670063,4.134595,3.958661,0
2018-04-02,sh.601838,11.0500,11.1700,10.8500,10.8600,23074072,253863306.0000,3,6.387726,1,-1.719462,10.035572,1.641347,4.063502,3.890593,0
2018-04-03,sh.601838,10.6600,10.7400,10.5700,10.6200,20860568,222131644.0000,3,5.774949,1,-2.209943,9.813791,1.605074,3.973701,3.804613,0
2018-04-04,sh.601838,10.6900,10.9100,10.6100,10.6400,23634296,254536443.0000,3,6.542816,1,0.188328,9.832273,1.608097,3.981184,3.811778,0
2018-04-09,sh.601838,10.6400,10.7800,10.4500,10.7600,21481771,229050933.0000,3,5.946920,1,1.127818,9.943163,1.626234,4.026085,3.854768,0
2018-04-10,sh.601838,10.8300,11.2500,10.7700,11.2400,45213190,498355644.0000,3,12.516623,1,4.460962,10.386724,1.698779,4.205687,4.026728,0
2018-04-11,sh.601838,11.3500,11.3500,11.0500,11.1100,39955970,446399307.0000,3,11.061238,1,-1.156585,10.266593,1.679131,4.157045,3.980156,0
2018-04-12,sh.601838,11.0000,11.7000,10.9700,11.5200,52644686,596532059.0000,3,14.573927,1,3.690377,10.645468,1.741098,4.310455,4.127038,0
2018-04-13,sh.601838,11.5600,11.6600,11.2100,11.2300,42794134,487487040.0000,3,11.846943,1,-2.517369,10.377483,1.697268,4.201946,4.023146,0
2018-04-16,sh.601838,11.1000,11.1600,10.7500,10.8000,30366655,331541440.0000,3,8.406573,1,-3.829024,9.980126,1.632279,4.041052,3.869098,0
2018-04-17,sh.601838,10.8200,10.9700,10.6000,10.6200,22835816,246584584.0000,3,6.321768,1,-1.666670,9.813791,1.605074,3.973701,3.804613,0
2018-04-18,sh.601838,10.9400,11.0800,10.7600,10.9900,41780667,458147639.0000,3,11.566379,1,3.483991,10.155703,1.660995,4.112144,3.937166,0
2018-04-19,sh.601838,10.8300,10.9400,10.7700,10.8500,27798313,301428683.0000,3,7.695564,1,-1.273880,10.026331,1.639836,4.059760,3.887011,0
2018-04-20,sh.601838,10.8000,10.8100,10.2900,10.3400,34686386,365158733.0000,3,9.602429,1,-4.700463,9.555047,1.562756,3.868933,3.704303,0
2018-04-23,sh.601838,10.3200,10.4700,10.2900,10.4200,16267757,168859038.0000,3,4.503495,1,0.773694,9.628974,1.574847,3.898867,3.732963,0
2018-04-24,sh.601838,10.4200,10.8500,10.3800,10.6900,27010671,287795345.0000,3,7.477517,1,2.591166,9.878477,1.615654,3.999893,3.829691,0
2018-04-25,sh.601838,10.6100,10.6400,10.5000,10.6300,17939001,189474772.0000,3,4.966155,1,-0.561267,9.823032,1.606586,3.977443,3.808196,0
2018-04-26,sh.601838,10.6600,10.6600,10.3300,10.3700,18946336,198282960.0000,3,5.245022,1,-2.445910,9.172766,1.317042,3.692569,-112.074314,0
2018-04-27,sh.601838,10.4900,10.6100,10.3600,10.5300,16535651,173289975.0000,3,4.577658,1,1.542911,9.314294,1.337363,3.749542,-113.803523,0
2018-05-02,sh.601838,10.6900,10.7500,10.4800,10.5500,17375405,184104596.0000,3,4.810132,1,0.189938,9.331985,1.339903,3.756664,-114.019674,0
2018-05-03,sh.601838,10.4300,10.6600,10.4000,10.6300,18047094,190183524.0000,3,4.996079,1,0.758293,9.402749,1.350064,3.785150,-114.884278,0
2018-05-04,sh.601838,10.5800,10.6200,10.4300,10.4400,15976581,167786209.0000,3,4.422887,1,-1.787399,9.234685,1.325933,3.717495,-112.830843,0
2018-05-07,sh.601838,10.4600,10.6400,10.4200,10.6300,19167879,202314381.0000,3,5.306353,1,1.819929,9.402749,1.350064,3.785150,-114.884278,0
2018-05-08,sh.601838,10.6000,10.7500,10.5600,10.6900,26893509,286909799.0000,3,7.445082,1,0.564435,9.455822,1.357684,3.806515,-115.532731,0
2018-05-09,sh.601838,10.6500,10.6700,10.5600,10.6300,16339063,173447911.0000,3,4.523235,1,-0.561267,9.402749,1.350064,3.785150,-114.884278,0
2018-05-10,sh.601838,10.6600,10.6900,10.5300,10.6400,14033848,148795796.0000,3,3.885070,1,0.094076,9.411594,1.351334,3.788711,-114.992353,0
2018-05-11,sh.601838,10.6200,10.7200,10.5600,10.6100,17847829,189966090.0000,3,4.940916,1,-0.281961,9.385058,1.347523,3.778029,-114.668127,0
2018-05-14,sh.601838,10.5800,10.9900,10.5500,10.8500,37339321,402780800.0000,3,10.336856,1,2.262024,9.597350,1.378005,3.863488,-117.261939,0
2018-05-15,sh.601838,10.7100,10.8800,10.7100,10.8500,25476026,274523898.0000,3,7.052673,1,0.000000,9.597350,1.378005,3.863488,-117.261939,0
2018-05-16,sh.601838,10.7900,10.8200,10.6600,10.6700,16089666,172815211.0000,3,4.454193,1,-1.658989,9.438131,1.355144,3.799394,-115.316580,0
2018-05-17,sh.601838,10.6900,10.7600,10.5600,10.5900,12718247,135443979.0000,3,3.520864,1,-0.749765,9.367367,1.344983,3.770907,-114.451976,0
2018-05-18,sh.601838,10.5700,10.6600,10.4700,10.6400,15490949,163793467.0000,3,4.288447,1,0.472145,9.411594,1.351334,3.788711,-114.992353,0
2018-05-21,sh.601838,10.7300,10.8500,10.6400,10.8100,27040644,291153029.0000,3,7.485815,1,1.597745,9.561968,1.372924,3.849245,-116.829637,0
2018-05-22,sh.601838,10.7800,11.0900,10.6500,11.0400,45391022,495739902.0000,3,12.565854,1,2.127655,9.765414,1.402136,3.931144,-119.315374,0
2018-05-23,sh.601838,10.9500,11.0800,10.8700,10.9600,27497011,301867783.0000,3,7.612153,1,-0.724637,9.694650,1.391975,3.902657,-118.450770,0
2018-05-24,sh.601838,10.9400,11.0200,10.8200,10.8300,21234540,231967668.0000,3,5.878478,1,-1.186132,9.579659,1.375465,3.856367,-117.045788,0
2018-05-25,sh.601838,10.7900,10.9500,10.7200,10.8800,20717223,223807923.0000,3,5.735266,1,0.461682,9.623886,1.381815,3.874171,-117.586166,0
2018-05-28,sh.601838,10.8200,10.9100,10.6600,10.6900,17779884,191668204.0000,3,4.922106,1,-1.746328,9.455822,1.357684,3.806515,-115.532731,0
2018-05-29,sh.601838,10.6100,10.7800,10.5100,10.7100,20497519,218001433.0000,3,5.674444,1,0.187095,9.473513,1.360224,3.813637,-115.748882,0
2018-05-30,sh.601838,10.5600,11.0500,10.5000,10.8100,43250926,467035822.0000,3,11.973399,1,0.933710,9.561968,1.372924,3.849245,-116.829637,0
2018-05-31,sh.601838,10.7000,11.1400,10.6500,11.1300,50475632,552836840.0000,3,13.973455,1,2.960219,9.845023,1.413566,3.963191,-120.288054,0
2018-06-01,sh.601838,11.0000,11.3900,10.9000,11.1700,45830829,509051970.0000,3,12.687608,1,0.359389,9.880405,1.418646,3.977435,-120.720356,0
2018-06-04,sh.601838,11.2200,11.3800,10.9800,11.0700,36073869,403174837.0000,3,9.986533,1,-0.895259,9.791950,1.405946,3.941826,-119.639601,0
2018-06-05,sh.601838,10.9800,11.1200,10.8600,11.0700,29499776,323733939.0000,3,8.166590,1,0.000000,9.791950,1.405946,3.941826,-119.639601,0
2018-06-06,sh.601838,11.0100,11.1000,10.8900,11.0600,24130243,265737311.0000,3,6.680112,1,-0.090328,9.783105,1.404676,3.938266,-119.531525,0
2018-06-07,sh.601838,11.0600,11.2700,10.9700,11.1200,35388896,393827113.0000,3,9.796909,1,0.542491,9.836178,1.412296,3.959631,-120.179978,0
2018-06-08,sh.601838,10.7000,10.7700,10.2800,10.3100,38665032,404804309.0000,3,10.703860,1,-4.889297,9.119694,1.309422,3.671204,-111.425861,0
2018-06-11,sh.601838,10.1800,10.2800,10.0500,10.1800,17953242,182218440.0000,3,4.970098,1,-1.260913,9.004702,1.292911,3.624914,-110.020879,0
2018-06-12,sh.601838,10.1600,10.2200,9.9500,10.1000,16982994,171515701.0000,3,4.701498,1,-0.785854,8.933938,1.282751,3.596427,-109.156275,0
2018-06-13,sh.601838,10.1000,10.1100,9.8800,9.8900,20815731,207300501.0000,3,5.762537,1,-2.079208,8.748183,1.256080,3.521650,-106.886689,0
2018-06-14,sh.601838,9.8600,10.0000,9.8100,9.9100,12236252,121345072.0000,3,3.387431,1,0.202219,8.765874,1.258620,3.528771,-107.102840,0
2018-06-15,sh.601838,9.8900,10.0400,9.8300,9.8400,19579806,194772875.0000,3,5.420389,1,-0.706354,8.703956,1.249730,3.503846,-106.346312,0
2018-06-19,sh.601838,9.6100,9.6900,8.8600,8.8900,29665172,275788590.0000,3,8.212378,1,-9.654469,7.863635,1.129075,3.165568,-96.079137,0
2018-06-20,sh.601838,8.8100,8.9700,8.6600,8.9000,18616691,164826800.0000,3,5.153764,1,0.112478,7.872480,1.130345,3.169129,-96.187213,0
2018-06-21,sh.601838,8.8700,9.0600,8.6000,8.6400,18160409,160948777.0000,3,5.027449,1,-2.921340,7.642498,1.097324,3.076548,-93.377249,0
2018-06-22,sh.601838,8.5200,8.8300,8.5200,8.8200,15079677,131150076.0000,3,4.174592,1,2.083326,7.801716,1.120184,3.140642,-95.322609,0
2018-06-25,sh.601838,8.9500,8.9500,8.6400,8.6600,16477770,144580614.0000,3,4.561634,1,-1.814057,7.660189,1.099864,3.083669,-93.593400,0
2018-06-26,sh.601838,8.5100,8.7400,8.4400,8.7100,12558685,107938396.0000,3,3.476692,1,0.577369,7.704416,1.106214,3.101473,-94.133778,0
2018-06-27,sh.601838,8.6700,9.0100,8.6200,8.7100,16213887,142437887.0000,3,4.488582,1,0.000000,7.704416,1.106214,3.101473,-94.133778,0
2018-06-28,sh.601838,8.6400,8.8600,8.5900,8.6200,13000427,113160321.0000,3,3.598982,1,-1.033297,7.624807,1.094783,3.069426,-93.161098,0
2018-06-29,sh.601838,8.6100,8.8300,8.5700,8.7500,17717392,154428160.0000,3,4.904806,1,1.508122,7.739798,1.111294,3.115717,-94.566080,0
2018-07-02,sh.601838,8.7400,8.7700,8.3400,8.4200,17008370,145884929.0000,3,4.708523,1,-3.771428,7.447897,1.069382,2.998209,-90.999588,0
2018-07-03,sh.601838,8.4500,8.5300,8.3200,8.5000,12524408,105895771.0000,3,3.467203,1,0.950118,7.518661,1.079543,3.026696,-91.864192,0
2018-07-04,sh.601838,8.4600,8.5300,8.3700,8.3800,10639178,89782178.0000,3,2.945304,1,-1.411763,7.412515,1.064302,2.983966,-90.567286,0
2018-07-05,sh.601838,8.3700,8.4900,8.1800,8.2000,12745489,106666843.0000,3,3.528406,1,-2.147975,7.253296,1.041441,2.919871,-88.621926,0
2018-07-06,sh.601838,8.2300,8.3600,8.0800,8.2200,15960856,131399330.0000,3,4.418534,1,0.243908,7.270987,1.043981,2.926993,-88.838077,0
2018-07-09,sh.601838,8.2500,8.4400,8.1900,8.4300,17541690,146682576.0000,3,4.856165,1,2.554745,7.456743,1.070652,3.001770,-91.107663,0
2018-07-10,sh.601838,8.4100,8.4200,8.3000,8.3800,14393900,120240997.0000,3,3.984745,1,-0.593122,7.412515,1.064302,2.983966,-90.567286,0
2018-07-11,sh.601838,8.2500,8.2600,8.0100,8.0600,19010613,154249177.0000,3,5.262816,1,-3.818612,7.129460,1.023661,2.870020,-87.108869,0
2018-07-12,sh.601838,8.0600,8.3800,8.0500,8.3700,24471940,202505654.0000,3,6.774706,1,3.846147,7.403670,1.063032,2.980405,-90.459210,0
2018-07-13,sh.601838,8.3800,8.3900,8.2300,8.2700,14750760,122273752.0000,3,4.083536,1,-1.194736,7.315215,1.050332,2.944797,-89.378455,0
2018-07-16,sh.601838,8.2700,8.2800,8.1500,8.1800,9801366,80240993.0000,3,2.713368,1,-1.088273,7.235606,1.038901,2.912750,-88.405775,0
2018-07-17,sh.601838,8.1900,8.2700,8.1600,8.2500,9660333,79349601.0000,3,2.674325,1,0.855742,7.297524,1.047792,2.937676,-89.162304,0
2018-07-18,sh.601838,8.2400,8.3000,8.1400,8.1500,10555388,86878962.0000,3,2.922108,1,-1.212126,7.209069,1.035091,2.902067,-88.081549,0
2018-07-19,sh.601838,8.1600,8.1800,8.0300,8.0500,10141508,81963923.0000,3,2.807531,1,-1.226987,7.120614,1.022391,2.866459,-87.000794,0
2018-07-20,sh.601838,8.0100,8.8600,7.9300,8.8600,32185662,275315213.0000,3,8.910139,1,10.062110,7.837098,1.125265,3.154886,-95.754911,0
2018-07-23,sh.601838,9.2500,9.7500,9.1400,9.7500,119798691,1135650890.0000,3,33.164550,1,10.045150,8.624346,1.238299,3.471798,-105.373632,0
2018-07-24,sh.601838,9.7500,10.5000,9.6200,9.8500,120694182,1201090091.0000,3,33.412454,1,1.025645,8.712801,1.251000,3.507407,-106.454387,0
2018-07-25,sh.601838,9.8600,10.1500,9.7500,10.0500,93112576,925064959.0000,3,25.776882,1,2.030455,8.889711,1.276401,3.578623,-108.615898,0
2018-07-26,sh.601838,9.9500,10.0300,9.7200,9.8900,64991171,640885600.0000,3,17.991874,1,-1.592038,8.748183,1.256080,3.521650,-106.886689,0
2018-07-27,sh.601838,9.7600,9.8100,9.3800,9.4900,63829226,608238693.0000,3,17.670206,1,-4.044495,8.394364,1.205278,3.379217,-102.563668,0
2018-07-30,sh.601838,9.4900,9.6100,9.3200,9.4400,43793467,414519342.0000,3,12.123594,1,-0.526872,8.350136,1.198928,3.361413,-102.023291,0
2018-07-31,sh.601838,9.3800,9.8400,9.2300,9.4700,59959782,568682271.0000,3,16.599006,1,0.317804,8.376673,1.202738,3.372095,-102.347517,0
2018-08-01,sh.601838,9.3000,9.3500,8.9800,9.0500,54660722,501469222.0000,3,15.132037,1,-4.435059,8.005163,1.149396,3.222541,-97.808346,0
2018-08-02,sh.601838,9.0000,9.2300,8.9700,9.1700,52912487,482543890.0000,3,14.648063,1,1.325966,8.111308,1.164636,3.265271,-99.105252,0
2018-08-03,sh.601838,9.0500,9.1900,8.9400,8.9900,33587892,304058511.0000,3,9.298326,1,-1.962926,7.952090,1.141775,3.201176,-97.159892,0
2018-08-06,sh.601838,8.9900,9.4000,8.9500,9.0900,44178928,406164649.0000,3,12.230303,1,1.112351,8.040545,1.154476,3.236784,-98.240648,0
2018-08-07,sh.601838,9.0200,9.3400,8.8400,9.2900,52752600,480767798.0000,3,14.603801,1,2.200218,8.217454,1.179877,3.308001,-100.402158,0
2018-08-08,sh.601838,9.1400,9.1900,8.9400,9.0200,31999060,290140649.0000,3,8.858481,1,-2.906346,7.978626,1.145585,3.211859,-97.484119,0
2018-08-09,sh.601838,8.9100,9.2500,8.8800,9.1300,33596242,306487234.0000,3,9.300638,1,1.219508,8.075926,1.159556,3.251028,-98.672950,0
2018-08-10,sh.601838,9.0800,9.1500,9.0200,9.0900,19065040,173107495.0000,3,5.277883,1,-0.438116,8.040545,1.154476,3.236784,-98.240648,0
2018-08-13,sh.601838,8.9600,8.9800,8.6700,8.8300,31271427,275251843.0000,3,8.657046,1,-2.860289,7.810562,1.121454,3.144203,-95.430684,0
2018-08-14,sh.601838,8.7500,8.8700,8.7000,8.8200,15958990,140220737.0000,3,4.418018,1,-0.113253,7.801716,1.120184,3.140642,-95.322609,0
2018-08-15,sh.601838,8.7900,8.8200,8.5000,8.5200,21736722,187322086.0000,3,6.017500,1,-3.401352,7.536352,1.082083,3.033818,-92.080343,0
2018-08-16,sh.601838,8.3800,8.7800,8.3200,8.5300,25652433,218694626.0000,3,7.101508,1,0.117362,7.545197,1.083353,3.037378,-92.188419,0
2018-08-17,sh.601838,8.5800,8.6300,8.3000,8.3300,18274822,154911408.0000,3,5.059122,1,-2.344664,7.368288,1.057952,2.966162,-90.026908,0
2018-08-20,sh.601838,8.3600,8.5700,8.3200,8.5500,20451423,173173173.0000,3,5.661683,1,2.641060,7.562888,1.085893,3.044500,-92.404570,0
2018-08-21,sh.601838,8.5800,8.7000,8.4800,8.6600,24299723,209847411.0000,3,6.727030,1,1.286546,7.660189,1.099864,3.083669,-93.593400,0
2018-08-22,sh.601838,8.6400,8.6500,8.5100,8.5500,13809544,118346068.0000,3,3.822974,1,-1.270204,7.052444,1.082131,2.815924,-1.517584,0
2018-08-23,sh.601838,8.5400,8.7700,8.5300,8.6900,19914745,172033226.0000,3,5.513112,1,1.637420,7.167923,1.099850,2.862032,-1.542433,0
2018-08-24,sh.601838,8.6800,9.5600,8.6500,9.3000,84610285,779482719.0000,3,23.423144,1,7.019570,7.671080,1.177055,3.062934,-1.650705,0
2018-08-27,sh.601838,9.1300,9.2800,9.0300,9.2400,52392535,479262105.0000,3,14.504122,1,-0.645166,7.621589,1.169461,3.043174,-1.640055,0
2018-08-28,sh.601838,9.1600,9.1900,9.0500,9.0900,28579351,260331800.0000,3,7.911784,1,-1.623373,7.497862,1.150476,2.993771,-1.613431,0
2018-08-29,sh.601838,9.1300,9.1800,9.0400,9.1100,23028184,209926432.0000,3,6.375023,1,0.220017,7.514359,1.153007,3.000358,-1.616981,0
2018-08-30,sh.601838,9.1200,9.1600,8.9000,8.9800,23543112,212012849.0000,3,6.517573,1,-1.427005,7.407129,1.136554,2.957543,-1.593907,0
2018-08-31,sh.601838,8.9200,9.1500,8.8800,8.9200,23372040,210912255.0000,3,6.470214,1,-0.668145,7.357638,1.128960,2.937782,-1.583257,0
2018-09-03,sh.601838,8.8500,8.8900,8.6200,8.7800,19200631,168100170.0000,3,5.315419,1,-1.569511,7.242159,1.111241,2.891674,-1.558408,0
2018-09-04,sh.601838,8.7500,9.0900,8.6800,8.9600,25542524,226838581.0000,3,7.071082,1,2.050117,7.390632,1.134022,2.950956,-1.590357,0
2018-09-05,sh.601838,8.8800,8.9200,8.6800,8.6900,19917691,175249805.0000,3,5.513927,1,-3.013398,7.167923,1.099850,2.862032,-1.542433,0
2018-09-06,sh.601838,8.6400,8.7900,8.6300,8.7100,12832281,111816354.0000,3,3.552433,1,0.230155,7.184420,1.102381,2.868619,-1.545983,0
2018-09-07,sh.601838,8.6900,8.9000,8.6900,8.7800,17137807,150647540.0000,3,4.744356,1,0.803670,7.242159,1.111241,2.891674,-1.558408,0
2018-09-10,sh.601838,8.7600,8.8500,8.6700,8.7200,13680316,119581768.0000,3,3.787199,1,-0.683365,7.192669,1.103647,2.871913,-1.547758,0
2018-09-11,sh.601838,8.6900,8.9900,8.6900,8.8900,23697254,209847460.0000,3,6.560245,1,1.949542,7.332893,1.125163,2.927902,-1.577932,0
2018-09-12,sh.601838,8.8600,9.1000,8.8300,8.9900,23305291,209286706.0000,3,6.451736,1,1.124853,7.415377,1.137819,2.960837,-1.595682,0
2018-09-13,sh.601838,9.1500,9.1700,8.9000,9.0600,21291389,191755636.0000,3,5.894216,1,0.778650,7.473117,1.146679,2.983891,-1.608106,0
2018-09-14,sh.601838,9.0100,9.0300,8.8800,8.8900,14832406,132536067.0000,3,4.106139,1,-1.876380,7.332893,1.125163,2.927902,-1.577932,0
2018-09-17,sh.601838,8.8100,8.8700,8.6700,8.7500,12775297,111828447.0000,3,3.536658,1,-1.574807,7.217414,1.107444,2.881793,-1.553083,0
2018-09-18,sh.601838,8.7000,8.9900,8.6900,8.9500,19400493,172451345.0000,3,5.370748,1,2.285712,7.382383,1.132757,2.947663,-1.588582,0
2018-09-19,sh.601838,8.9400,9.1200,8.8800,9.0100,25803694,232542829.0000,3,7.143383,1,0.670396,7.431874,1.140351,2.967424,-1.599232,0
2018-09-20,sh.601838,9.0900,9.1500,8.9400,8.9700,20068441,181328488.0000,3,5.555660,1,-0.443951,7.398880,1.135288,2.954250,-1.592132,0
2018-09-21,sh.601838,8.9700,9.7800,8.9400,9.4800,56238355,523818706.0000,3,15.568782,1,5.685610,7.819552,1.199836,3.122217,-1.682654,0
2018-09-25,sh.601838,9.2900,9.3000,9.1600,9.1900,29514970,272030548.0000,3,8.170796,1,-3.059072,7.580347,1.163132,3.026706,-1.631181,0
2018-09-26,sh.601838,9.2100,9.3800,9.1700,9.1900,30452674,282246823.0000,3,8.430386,1,0.000000,7.580347,1.163132,3.026706,-1.631181,0
2018-09-27,sh.601838,9.1100,9.1600,8.9700,9.0300,23640261,213932722.0000,3,6.544467,1,-1.741021,7.448371,1.142882,2.974011,-1.602781,0
2018-09-28,sh.601838,9.0500,9.3100,9.0400,9.2300,29338833,269790875.0000,3,8.122035,1,2.214838,7.613341,1.168195,3.039880,-1.638280,0
2018-10-08,sh.601838,9.0400,9.1900,8.9500,8.9700,22481489,203460062.0000,3,6.223678,1,-2.816894,7.398880,1.135288,2.954250,-1.592132,0
2018-10-09,sh.601838,8.9900,9.0900,8.9100,9.0300,14194906,127737525.0000,3,3.929656,1,0.668890,7.448371,1.142882,2.974011,-1.602781,0
2018-10-10,sh.601838,9.0300,9.1200,8.9900,9.0500,11638176,105384971.0000,3,3.221862,1,0.221489,7.464868,1.145413,2.980598,-1.606331,0
2018-10-11,sh.601838,8.6600,8.7600,8.1500,8.3200,31729000,267758610.0000,3,8.783719,1,-8.066303,6.862730,1.053021,2.740174,-1.476760,0
2018-10-12,sh.601838,8.2100,8.4800,8.1900,8.4700,19723129,165468010.0000,3,5.460066,1,1.802891,6.986457,1.072006,2.789576,-1.503384,0
2018-10-15,sh.601838,8.4500,8.4500,8.2000,8.2200,14103625,117137543.0000,3,3.904386,1,-2.951594,6.780245,1.040364,2.707239,-1.459010,0
2018-10-16,sh.601838,8.2100,8.3700,8.0500,8.0800,14457615,118539495.0000,3,4.002383,1,-1.703167,6.664766,1.022645,2.661130,-1.434161,0
2018-10-17,sh.601838,8.2100,8.2500,8.0000,8.1400,12118125,98456862.0000,3,3.354729,1,0.742579,6.714257,1.030239,2.680891,-1.444811,0
2018-10-18,sh.601838,8.1100,8.1100,8.0000,8.0300,9499362,76413861.0000,3,2.629762,1,-1.351359,6.623524,1.016317,2.644663,-1.425286,0
2018-10-19,sh.601838,7.9500,8.2200,7.9200,8.1900,16784413,136034813.0000,3,4.646524,1,1.992526,6.755499,1.036567,2.697358,-1.453685,0
2018-10-22,sh.601838,8.2200,8.8100,8.2000,8.6200,35209105,301172805.0000,3,9.747136,1,5.250309,7.110184,1.090990,2.838978,-1.530008,0
2018-10-23,sh.601838,8.6000,8.6000,8.3200,8.3500,20612837,174004725.0000,3,5.706368,1,-3.132245,6.887475,1.056818,2.750054,-1.482085,0
2018-10-24,sh.601838,8.2900,9.1600,8.2800,8.6500,44111176,386045215.0000,3,12.211547,1,3.592805,7.134929,1.094787,2.848858,-1.535333,0
2018-10-25,sh.601838,8.3300,8.9100,8.2400,8.8200,33692155,289000397.0000,3,9.327190,1,1.965319,7.275153,1.116303,2.904848,-1.565507,0
2018-10-26,sh.601838,8.7800,8.8600,8.5800,8.6600,22615457,196839872.0000,3,6.260765,1,-1.814057,7.143178,1.096053,2.852152,-1.537108,0
2018-10-29,sh.601838,8.6400,8.7200,8.4000,8.4500,14687490,125032850.0000,3,4.066021,1,-2.424943,6.969960,1.069474,2.782989,-1.499834,0
2018-10-30,sh.601838,8.4000,8.7800,8.4000,8.6500,25589091,220933305.0000,3,7.083973,1,2.366862,7.134929,1.094787,2.848858,-1.535333,0
2018-10-31,sh.601838,8.6700,8.9500,8.5700,8.7500,31687206,278019893.0000,3,8.772149,1,1.156074,7.032582,1.057087,2.742330,-0.654205,0
2018-11-01,sh.601838,8.6700,8.9200,8.6700,8.7100,24759988,217386632.0000,3,6.854448,1,-0.457142,7.000433,1.052254,2.729794,-0.651215,0
2018-11-02,sh.601838,8.8400,9.1000,8.7300,8.9700,33269026,296271592.0000,3,9.210053,1,2.985077,7.209401,1.083665,2.811280,-0.670654,0
2018-11-05,sh.601838,8.9000,8.9800,8.8100,8.9200,21412730,190485330.0000,3,5.927807,1,-0.557416,7.169215,1.077624,2.795610,-0.666916,0
2018-11-06,sh.601838,8.8700,8.9100,8.6800,8.7700,15988457,140077368.0000,3,4.426175,1,-1.681610,7.048656,1.059503,2.748598,-0.655701,0
2018-11-07,sh.601838,8.8000,8.8300,8.6200,8.6400,15265657,133150626.0000,3,4.226078,1,-1.482327,6.944172,1.043797,2.707855,-0.645981,0
2018-11-08,sh.601838,8.7300,8.7700,8.6200,8.6600,12642204,109966247.0000,3,3.499813,1,0.231476,6.960246,1.046214,2.714123,-0.647477,0
2018-11-09,sh.601838,8.6000,8.6000,8.4500,8.4600,14824456,125985225.0000,3,4.103938,1,-2.309467,6.799502,1.022052,2.651441,-0.632523,0
2018-11-12,sh.601838,8.4300,8.5600,8.4100,8.5500,13782885,117032628.0000,3,3.815594,1,1.063832,6.871837,1.032925,2.679648,-0.639252,0
2018-11-13,sh.601838,8.4400,8.7000,8.4100,8.6700,19871776,170389381.0000,3,5.501216,1,1.403507,6.968284,1.047422,2.717257,-0.648224,0
2018-11-14,sh.601838,8.6100,8.7500,8.5500,8.6000,15740919,135860368.0000,3,4.357648,1,-0.807378,6.912023,1.038965,2.695319,-0.642991,0
2018-11-15,sh.601838,8.5600,8.7500,8.5400,8.7500,19165249,166554201.0000,3,5.305624,1,1.744182,7.032582,1.057087,2.742330,-0.654205,0
2018-11-16,sh.601838,8.7700,8.9700,8.6600,8.8200,28030774,246973344.0000,3,7.759918,1,0.799996,7.088842,1.065543,2.764269,-0.659439,0
2018-11-19,sh.601838,8.8200,9.1500,8.7800,9.1000,43834462,395044609.0000,3,12.134942,1,3.174611,7.313885,1.099370,2.852023,-0.680374,0
2018-11-20,sh.601838,8.9700,9.0200,8.7800,8.7900,24550054,218372471.0000,3,6.796331,1,-3.406598,7.064730,1.061919,2.754866,-0.657196,0
2018-11-21,sh.601838,8.7000,8.8400,8.6300,8.7800,13960202,122319276.0000,3,3.864682,1,-0.113768,7.056693,1.060711,2.751732,-0.656448,0
2018-11-22,sh.601838,8.7800,8.8300,8.7000,8.7200,11520858,100732801.0000,3,3.189384,1,-0.683365,7.008470,1.053462,2.732928,-0.651962,0
2018-11-23,sh.601838,8.7300,8.7800,8.4700,8.5100,17184033,148312789.0000,3,4.757153,1,-2.408257,6.839688,1.028092,2.667112,-0.636262,0
2018-11-26,sh.601838,8.4900,8.6600,8.4900,8.5600,9736048,83604035.0000,3,2.695285,1,0.587546,6.879874,1.034133,2.682782,-0.640000,0
2018-11-27,sh.601838,8.5900,8.6500,8.4500,8.5200,11779356,100748057.0000,3,3.260946,1,-0.467289,6.847725,1.029300,2.670246,-0.637009,0
2018-11-28,sh.601838,8.5200,8.6200,8.4700,8.6000,10328851,88442193.0000,3,2.859394,1,0.938966,6.912023,1.038965,2.695319,-0.642991,0
2018-11-29,sh.601838,8.6300,8.6600,8.4000,8.4000,13219881,112678223.0000,3,3.659735,1,-2.325590,6.751278,1.014803,2.632637,-0.628037,0
2018-11-30,sh.601838,8.4000,8.4600,8.2900,8.3600,11939017,99926727.0000,3,3.305146,1,-0.476190,6.719129,1.009971,2.620100,-0.625047,0
2018-12-03,sh.601838,8.4900,8.6000,8.4700,8.5300,16890099,144106106.0000,3,4.675782,1,2.033494,6.855762,1.030508,2.673380,-0.637757,0
2018-12-04,sh.601838,8.5100,8.5400,8.4300,8.5300,12535594,106439834.0000,3,3.470299,1,0.000000,6.855762,1.030508,2.673380,-0.637757,0
2018-12-05,sh.601838,8.4000,8.4700,8.3600,8.4300,10587115,89082191.0000,3,2.930891,1,-1.172326,6.775390,1.018427,2.642039,-0.630280,0
2018-12-06,sh.601838,8.3900,8.5200,8.3500,8.4500,11266315,95010792.0000,3,3.118918,1,0.237242,6.791464,1.020844,2.648307,-0.631776,0
2018-12-07,sh.601838,8.4400,8.4800,8.4100,8.4200,5172112,43637750.0000,3,1.431825,1,-0.355026,6.767353,1.017219,2.638905,-0.629533,0
2018-12-10,sh.601838,8.3300,8.3800,8.2900,8.3000,6337629,52762778.0000,3,1.754482,1,-1.425177,6.670906,1.002722,2.601296,-0.620561,0
2018-12-11,sh.601838,8.3000,8.4800,8.3000,8.3600,5504617,46052860.0000,3,1.523874,1,0.722885,6.719129,1.009971,2.620100,-0.625047,0
2018-12-12,sh.601838,8.3800,8.4200,8.3400,8.3400,5446800,45626027.0000,3,1.507868,1,-0.239229,6.703055,1.007554,2.613832,-0.623551,0
2018-12-13,sh.601838,8.3500,8.5000,8.3200,8.4400,10231906,86303030.0000,3,2.832556,1,1.199034,6.783427,1.019635,2.645173,-0.631028,0
2018-12-14,sh.601838,8.4100,8.4300,8.2700,8.2800,9069341,75605771.0000,3,2.510717,1,-1.895733,6.654831,1.000306,2.595028,-0.619065,0
2018-12-17,sh.601838,8.2800,8.3400,8.2200,8.3200,5889772,48794581.0000,3,1.630499,1,0.483091,6.686980,1.005138,2.607564,-0.622056,0
2018-12-18,sh.601838,8.2600,8.3300,8.2300,8.2800,5243692,43423495.0000,3,1.451641,1,-0.480769,6.654831,1.000306,2.595028,-0.619065,0
2018-12-19,sh.601838,8.3000,8.3100,8.2200,8.2400,4285569,35404534.0000,3,1.186398,1,-0.483091,6.622682,0.995473,2.582491,-0.616075,0
2018-12-20,sh.601838,8.2300,8.2600,8.1100,8.1800,7959603,64920358.0000,3,2.203502,1,-0.728149,6.574459,0.988225,2.563687,-0.611589,0
2018-12-21,sh.601838,8.1600,8.1700,8.1100,8.1600,4795905,39025791.0000,3,1.327678,1,-0.244504,6.558385,0.985809,2.557419,-0.610093,0
2018-12-24,sh.601838,8.1600,8.2100,8.1100,8.1900,4973447,40590864.0000,3,1.376828,1,0.367644,6.582496,0.989433,2.566821,-0.612336,0
2018-12-25,sh.601838,8.1200,8.1600,7.9800,8.1200,8288900,66882742.0000,3,2.294663,1,-0.854697,6.526236,0.980976,2.544882,-0.607103,0
2018-12-26,sh.601838,8.0700,8.1200,8.0500,8.0700,4382749,35412772.0000,3,1.213301,1,-0.615766,6.486049,0.974936,2.529212,-0.603364,0
2018-12-27,sh.601838,8.2000,8.2100,8.0000,8.0100,6433875,52240289.0000,3,1.781126,1,-0.743488,6.437826,0.967687,2.510407,-0.598878,0
2018-12-28,sh.601838,8.0100,8.1200,8.0100,8.0500,5124921,41328788.0000,3,1.418761,1,0.499375,6.469975,0.972520,2.522944,-0.601869,0
2019-01-02,sh.601838,8.0500,8.0800,7.9100,7.9300,7582514,60458076.0000,3,2.099110,1,-1.490688,6.373528,0.958022,2.485335,-0.592897,0
2019-01-03,sh.601838,7.9400,8.0900,7.9300,7.9700,6476599,51888328.0000,3,1.792954,1,0.504413,6.405677,0.962855,2.497871,-0.595888,0
2019-01-04,sh.601838,7.9200,8.3400,7.8600,8.2300,18168862,148237662.0000,3,5.029789,1,3.262230,6.614645,0.994265,2.579357,-0.615327,0
2019-01-07,sh.601838,8.2400,8.2700,8.1200,8.2200,14576517,119170331.0000,3,4.035300,1,-0.121498,6.606608,0.993057,2.576223,-0.614579,0
2019-01-08,sh.601838,8.1700,8.1800,8.0900,8.1100,9123176,74067310.0000,3,2.525620,1,-1.338207,6.518198,0.979768,2.541748,-0.606355,0
2019-01-09,sh.601838,8.1200,8.2500,8.1100,8.1600,13894175,113750635.0000,3,3.846403,1,0.616525,6.558385,0.985809,2.557419,-0.610093,0
2019-01-10,sh.601838,8.1300,8.1500,8.0200,8.0200,10616238,85594095.0000,3,2.938953,1,-1.715679,6.445863,0.968895,2.513541,-0.599626,0
2019-01-11,sh.601838,8.0200,8.0800,8.0100,8.0400,6503993,52289771.0000,3,1.800537,1,0.249370,6.461938,0.971312,2.519810,-0.601121,0
2019-01-14,sh.601838,8.0200,8.0300,7.9500,7.9700,6420447,51227592.0000,3,1.777409,1,-0.870649,6.405677,0.962855,2.497871,-0.595888,0
2019-01-15,sh.601838,7.9500,8.0800,7.9500,8.0400,7835140,62882696.0000,3,2.169046,1,0.878296,6.461938,0.971312,2.519810,-0.601121,0
2019-01-16,sh.601838,8.0000,8.0400,7.9800,8.0000,5637599,45107968.0000,3,1.560688,1,-0.497512,6.429789,0.966479,2.507273,-0.598131,0
2019-01-17,sh.601838,8.0000,8.0500,7.9600,7.9900,6939734,55585973.0000,3,1.921166,1,-0.125003,6.421752,0.965271,2.504139,-0.597383,0
2019-01-18,sh.601838,7.9900,8.1000,7.9700,8.0800,10727910,86425834.0000,3,2.969868,1,1.126410,6.494087,0.976144,2.532346,-0.604112,0
2019-01-21,sh.601838,8.0700,8.1000,8.0300,8.0500,6694926,53976936.0000,3,1.853394,1,-0.371284,6.469975,0.972520,2.522944,-0.601869,0
2019-01-22,sh.601838,8.0500,8.0500,7.9500,7.9800,5422686,43366612.0000,3,1.501193,1,-0.869567,6.413714,0.964063,2.501005,-0.596635,0
2019-01-23,sh.601838,8.0100,8.0300,7.9600,7.9600,5291966,42324939.0000,3,1.465005,1,-0.250626,6.184883,0.961647,2.496399,-0.595140,0
2019-01-24,sh.601838,7.9500,8.0600,7.9400,8.0400,8467345,67775682.0000,3,2.344063,1,1.005024,6.247043,0.971312,2.521488,-0.601121,0
2019-01-25,sh.601838,8.0000,8.1100,8.0000,8.0100,11965413,96409605.0000,3,3.312453,1,-0.373131,6.223733,0.967687,2.512080,-0.598878,0
2019-01-28,sh.601838,8.0100,8.0700,7.8800,7.9100,12170609,97065573.0000,3,3.369259,1,-1.248444,6.146033,0.955606,2.480718,-0.591402,0
2019-01-29,sh.601838,7.8900,7.9100,7.6600,7.8500,10986769,85927914.0000,3,3.041529,1,-0.758533,6.099413,0.948358,2.461901,-0.586916,0
2019-01-30,sh.601838,7.8100,7.9700,7.7900,7.8800,7054639,55737078.0000,3,1.952976,1,0.382168,6.122723,0.951982,2.471309,-0.589159,0
2019-01-31,sh.601838,7.4300,7.8000,7.4300,7.6900,26657618,205510284.0000,3,1.428235,1,-2.411168,5.975094,0.929028,2.411722,-0.574953,0
2019-02-01,sh.601838,7.6800,7.8000,7.6800,7.7900,14811486,114606595.0000,3,0.793555,1,1.300389,6.052794,0.941109,2.443084,-0.582430,0
2019-02-11,sh.601838,7.7700,7.8800,7.7300,7.8600,18891963,147052601.0000,3,1.012175,1,0.898590,6.107183,0.949566,2.465037,-0.587663,0
2019-02-12,sh.601838,7.8800,7.9300,7.8400,7.9200,17272342,136137199.0000,3,0.925400,1,0.763358,6.153803,0.956814,2.483854,-0.592149,0
2019-02-13,sh.601838,7.9300,8.0500,7.8500,8.0300,26528223,211230364.0000,3,1.421302,1,1.388885,6.239273,0.970103,2.518352,-0.600374,0
2019-02-14,sh.601838,8.0000,8.0500,7.9500,7.9800,19930247,159233545.0000,3,1.067803,1,-0.622661,6.200423,0.964063,2.502671,-0.596635,0
2019-02-15,sh.601838,7.9700,7.9900,7.9200,7.9300,15080564,120022384.0000,3,0.807971,1,-0.626569,6.161573,0.958022,2.486990,-0.592897,0
2019-02-18,sh.601838,7.9500,8.1400,7.9500,8.0900,30973952,248889886.0000,3,1.659491,1,2.017658,6.285892,0.977352,2.537169,-0.604860,0
2019-02-19,sh.601838,8.0800,8.2500,8.0500,8.1100,31216063,253606092.0000,3,1.672463,1,0.247213,6.301432,0.979768,2.543441,-0.606355,0
2019-02-20,sh.601838,8.1000,8.1100,8.0300,8.0500,16664037,134259444.0000,3,0.892809,1,-0.739821,6.254812,0.972520,2.524624,-0.601869,0
2019-02-21,sh.601838,8.0500,8.1000,7.9600,7.9800,21802337,175361858.0000,3,1.168104,1,-0.869567,6.200423,0.964063,2.502671,-0.596635,0
2019-02-22,sh.601838,7.9700,8.2600,7.9000,8.2000,44516937,360163861.0000,3,2.385084,1,2.756890,6.371362,0.990641,2.571667,-0.613084,0
2019-02-25,sh.601838,8.3700,9.0200,8.2200,9.0200,97661331,840454280.0000,3,5.232400,1,10.000010,7.008498,1.089705,2.828834,-0.674392,0
2019-02-26,sh.601838,9.0400,9.0400,8.6800,8.6800,70467327,621223700.0000,3,3.775427,1,-3.769403,6.744320,1.048630,2.722204,-0.648972,0
2019-02-27,sh.601838,8.6300,9.4400,8.6100,9.0400,97782839,882784241.0000,3,5.238910,1,4.147461,7.024038,1.092121,2.835106,-0.675888,0
2019-02-28,sh.601838,8.9700,9.0700,8.7900,8.8700,43944194,391595521.0000,3,2.354398,1,-1.880532,6.891949,1.071584,2.781791,-0.663177,0
2019-03-01,sh.601838,8.9000,9.0700,8.7100,9.0300,51518613,457074041.0000,3,2.760212,1,1.803831,7.016268,1.090913,2.831970,-0.675140,0
2019-03-04,sh.601838,9.0900,9.7500,9.0700,9.3000,101201873,943363895.0000,3,5.422092,1,2.990038,7.226057,1.123532,2.916647,-0.695327,0
2019-03-05,sh.601838,9.1900,9.3500,9.1300,9.3000,43564241,401367781.0000,3,2.334041,1,0.000000,7.226057,1.123532,2.916647,-0.695327,0
2019-03-06,sh.601838,9.2300,9.4800,9.1900,9.4000,60054873,561000263.0000,3,3.217559,1,1.075263,7.303756,1.135613,2.948009,-0.702804,0
2019-03-07,sh.601838,9.3500,9.8900,9.2500,9.5600,97045694,931028754.0000,3,5.199416,1,1.702136,7.428075,1.154943,2.998187,-0.714766,0
2019-03-08,sh.601838,9.2800,9.2900,8.7800,8.7900,82331971,747001980.0000,3,4.411099,1,-8.054398,6.829789,1.061919,2.756702,-0.657196,0
2019-03-11,sh.601838,8.8600,9.0400,8.8100,9.0400,35466420,316244728.0000,3,1.900184,1,2.844141,7.024038,1.092121,2.835106,-0.675888,0
2019-03-12,sh.601838,9.0500,9.2000,8.8700,9.0100,46702143,423715275.0000,3,2.502160,1,-0.331855,7.000728,1.088497,2.825698,-0.673645,0
2019-03-13,sh.601838,8.9800,9.0800,8.8300,8.9400,35419524,316650593.0000,3,1.897672,1,-0.776922,6.946338,1.080040,2.803744,-0.668411,0
2019-03-14,sh.601838,8.8900,9.0600,8.8000,8.8600,25462141,226583284.0000,3,1.364185,1,-0.894854,6.884179,1.070376,2.778655,-0.662430,0
2019-03-15,sh.601838,8.9300,8.9900,8.8600,8.9200,24735862,220819612.0000,3,1.325273,1,0.677206,6.930798,1.077624,2.797472,-0.666916,0
2019-03-18,sh.601838,8.9400,9.1300,8.8500,9.1200,36493373,329595214.0000,3,1.955205,1,2.242150,7.086197,1.101786,2.860196,-0.681869,0
2019-03-19,sh.601838,9.1300,9.1500,9.0100,9.0500,27668854,251223469.0000,3,1.482414,1,-0.767540,7.031808,1.093329,2.838242,-0.676635,0
2019-03-20,sh.601838,9.0400,9.2700,9.0100,9.2500,54864485,501882472.0000,3,2.939474,1,2.209943,7.187207,1.117491,2.900966,-0.691589,0
2019-03-21,sh.601838,9.2200,9.2900,9.1200,9.1700,36268573,333685871.0000,3,1.943161,1,-0.864864,7.125047,1.107827,2.875876,-0.685607,0
2019-03-22,sh.601838,9.1700,9.1800,8.9900,9.0400,27749932,251250328.0000,3,1.486758,1,-1.417668,7.024038,1.092121,2.835106,-0.675888,0
2019-03-25,sh.601838,8.8600,8.9200,8.8000,8.8100,25599856,226903275.0000,3,1.371563,1,-2.544243,6.845329,1.064335,2.762974,-0.658691,0
2019-03-26,sh.601838,8.8500,8.8600,8.6500,8.6900,20141172,176160597.0000,3,1.079103,1,-1.362098,6.752090,1.049838,2.725340,-0.649719,0
2019-03-27,sh.601838,8.7300,8.8000,8.6800,8.7400,13284358,116018627.0000,3,0.711736,1,0.575376,6.790939,1.055878,2.741021,-0.653458,0
2019-03-28,sh.601838,8.7000,8.7400,8.6300,8.6600,13674263,118597349.0000,3,0.732626,1,-0.915331,6.728780,1.046214,2.715931,-0.647477,0
2019-03-29,sh.601838,8.7100,8.9800,8.6700,8.9500,35125473,311796561.0000,3,1.881917,1,3.348729,6.954108,1.081249,2.806880,-0.669159,0
2019-04-01,sh.601838,8.9700,9.1800,8.9700,9.1300,39622087,360834121.0000,3,2.122832,1,2.011177,7.093967,1.102994,2.863332,-0.682617,0
2019-04-02,sh.601838,9.1400,9.2600,9.0600,9.0900,30446343,278117952.0000,3,1.631223,1,-0.438116,7.062888,1.098162,2.850787,-0.679626,0
2019-04-03,sh.601838,9.0000,9.1400,8.9500,9.1300,28271540,256007963.0000,3,1.514704,1,0.440044,7.093967,1.102994,2.863332,-0.682617,0
2019-04-04,sh.601838,9.1600,9.3600,9.1300,9.2800,58368756,540935042.0000,3,3.127222,1,1.642931,7.210517,1.121116,2.910374,-0.693832,0
2019-04-08,sh.601838,9.3200,9.5400,9.2000,9.3000,47579781,446340192.0000,3,2.549181,1,0.215522,7.226057,1.123532,2.916647,-0.695327,0
2019-04-09,sh.601838,9.2400,9.3100,9.1100,9.2000,23307362,214644265.0000,3,1.248738,1,-1.075273,7.148357,1.111451,2.885285,-0.687850,0
2019-04-10,sh.601838,9.1900,9.2200,9.1000,9.1700,18251888,166945280.0000,3,0.977881,1,-0.326084,7.125047,1.107827,2.875876,-0.685607,0
2019-04-11,sh.601838,9.1900,9.2900,9.1100,9.1700,23609380,217192305.0000,3,1.264920,1,0.000000,7.125047,1.107827,2.875876,-0.685607,0
2019-04-12,sh.601838,9.1300,9.2000,9.1000,9.1700,17689216,162021729.0000,3,0.947735,1,0.000000,7.125047,1.107827,2.875876,-0.685607,0
2019-04-15,sh.601838,9.3800,9.4400,9.1900,9.2700,44884694,419074853.0000,3,2.404787,1,1.090517,7.202747,1.119908,2.907238,-0.693084,0
2019-04-16,sh.601838,9.2300,9.6600,9.1700,9.6200,70487588,669606438.0000,3,3.776513,1,3.775614,7.474695,1.162191,3.017005,-0.719252,0
2019-04-17,sh.601838,9.5600,9.8500,9.5300,9.5900,52576294,508642278.0000,3,2.816880,1,-0.311847,7.451385,1.158567,3.007596,-0.717009,0
2019-04-18,sh.601838,9.5800,9.7000,9.5000,9.5400,27175329,260712863.0000,3,1.455972,1,-0.521378,7.412536,1.152526,2.991915,-0.713271,0
2019-04-19,sh.601838,9.5500,9.6700,9.4400,9.5900,25016558,239041711.0000,3,1.340312,1,0.524111,7.451385,1.158567,3.007596,-0.717009,0
2019-04-22,sh.601838,9.6100,9.6700,9.2000,9.2400,36557250,344328656.0000,3,1.958627,1,-3.649639,7.179437,1.116283,2.897830,-0.690841,0
2019-04-23,sh.601838,9.2200,9.3400,9.1600,9.2300,21152080,195722928.0000,3,1.133265,1,-0.108228,7.171667,1.115075,2.894694,-0.690093,0
2019-04-24,sh.601838,9.2800,9.3300,9.1300,9.2800,16393000,151606390.0000,3,0.878288,1,0.541714,7.210517,1.121116,2.910374,-0.693832,0
2019-04-25,sh.601838,9.3200,9.4400,9.1500,9.1500,31183360,290209282.0000,3,1.670711,1,-1.400863,6.767290,1.016311,2.748842,-1.564195,0
2019-04-26,sh.601838,9.1500,9.2200,9.0800,9.1300,20692146,189536136.0000,3,1.108623,1,-0.218574,6.752498,1.014090,2.742833,-1.560776,0
2019-04-29,sh.601838,9.1800,9.3900,9.1500,9.2800,33827566,313576108.0000,3,1.812379,1,1.642931,6.863437,1.030751,2.787896,-1.586419,0
2019-04-30,sh.601838,9.3000,9.5100,9.1800,9.4500,29904934,280000550.0000,3,1.602078,1,1.831897,6.989168,1.049633,2.838968,-1.615480,0
2019-05-06,sh.601838,9.2000,9.3500,8.8400,9.0100,44611467,406055092.0000,3,2.389941,1,-4.656080,6.663747,1.000761,2.706783,-1.540262,0
2019-05-07,sh.601838,9.0900,9.1200,8.8500,8.9900,22007802,197508913.0000,3,1.179010,1,-0.221981,6.648955,0.998540,2.700775,-1.536843,0
2019-05-08,sh.601838,8.8000,8.9600,8.7500,8.8200,15731268,139150007.0000,3,0.842761,1,-1.890991,6.523224,0.979658,2.649703,-1.507782,0
2019-05-09,sh.601838,8.7600,8.8200,8.6400,8.6700,13838112,120569917.0000,3,0.741340,1,-1.700676,6.412284,0.962997,2.604640,-1.482139,0
2019-05-10,sh.601838,8.7500,8.8900,8.6200,8.8700,21521743,189066206.0000,3,1.152970,1,2.306803,6.560203,0.985211,2.664724,-1.516329,0
2019-05-13,sh.601838,8.7300,8.8200,8.6900,8.7500,11578962,101286853.0000,3,0.620312,1,-1.352874,6.471452,0.971883,2.628674,-1.495815,0
2019-05-14,sh.601838,8.6800,8.7800,8.6700,8.7000,16148131,140787144.0000,3,0.865093,1,-0.571431,6.434472,0.966329,2.613653,-1.487268,0
2019-05-15,sh.601838,8.7400,8.8400,8.7100,8.7900,16450797,144303515.0000,3,0.881308,1,1.034485,6.501036,0.976325,2.640691,-1.502653,0
2019-05-16,sh.601838,8.7900,8.8400,8.7600,8.8300,10339476,91086674.0000,3,0.553910,1,0.455062,6.530620,0.980768,2.652708,-1.509491,0
2019-05-17,sh.601838,8.8400,8.8400,8.5600,8.6000,14180525,123454742.0000,3,0.759684,1,-2.604751,6.360513,0.955222,2.583611,-1.470173,0
2019-05-20,sh.601838,8.5100,8.5800,8.3000,8.4300,13511017,113940553.0000,3,0.723817,1,-1.976745,6.234782,0.936339,2.532540,-1.441111,0
2019-05-21,sh.601838,8.4500,8.6000,8.4100,8.5600,10238016,87415685.0000,3,0.548475,1,1.542113,6.330929,0.950779,2.571594,-1.463335,0
2019-05-22,sh.601838,8.5300,8.6100,8.4700,8.4900,6602753,56343854.0000,3,0.353725,1,-0.817765,6.279157,0.943004,2.550565,-1.451368,0
2019-05-23,sh.601838,8.5100,8.5100,8.3900,8.4200,7727688,65198909.0000,3,0.413990,1,-0.824496,6.227386,0.935229,2.529535,-1.439401,0
2019-05-24,sh.601838,8.4000,8.6100,8.3900,8.4800,9572740,81524637.0000,3,0.512834,1,0.712583,6.271761,0.941893,2.547561,-1.449658,0
2019-05-27,sh.601838,8.4400,8.5700,8.3700,8.5500,14910224,126139577.0000,3,0.798776,1,0.825479,6.323533,0.949668,2.568590,-1.461625,0
2019-05-28,sh.601838,8.5300,8.6500,8.4500,8.6500,19136721,163643714.0000,3,1.025199,1,1.169584,6.397493,0.960775,2.598632,-1.478720,0
2019-05-29,sh.601838,8.5600,8.6400,8.5300,8.6000,9827187,84271076.0000,3,0.526466,1,-0.578026,6.360513,0.955222,2.583611,-1.470173,0
2019-05-30,sh.601838,8.5400,8.5500,8.4300,8.4800,8663079,73397474.0000,3,0.464102,1,-1.395359,6.271761,0.941893,2.547561,-1.449658,0
2019-05-31,sh.601838,8.5000,8.5400,8.4600,8.4800,8152827,69283807.0000,3,0.436766,1,0.000000,6.271761,0.941893,2.547561,-1.449658,0
2019-06-03,sh.601838,8.4800,8.5300,8.3000,8.4400,13763138,115726520.0000,3,0.737324,1,-0.471698,6.242178,0.937450,2.535544,-1.442820,0
2019-06-04,sh.601838,8.4000,8.4300,8.3500,8.4000,7399939,62009302.0000,3,0.396432,1,-0.473933,6.212594,0.933007,2.523527,-1.435982,0
2019-06-05,sh.601838,8.4600,8.5500,8.4200,8.4400,8102619,68600884.0000,3,0.434076,1,0.476190,6.242178,0.937450,2.535544,-1.442820,0
2019-06-06,sh.601838,8.4700,8.4900,8.4100,8.4600,8396948,71027072.0000,3,0.449844,1,0.236972,6.256970,0.939672,2.541552,-1.446239,0
2019-06-10,sh.601838,8.5000,8.6600,8.4700,8.5800,13855999,118906437.0000,3,0.742298,1,1.418438,6.345721,0.953000,2.577603,-1.466754,0
2019-06-11,sh.601838,8.5800,8.7600,8.5600,8.7100,23142463,200762625.0000,3,1.239796,1,1.515153,6.441868,0.967440,2.616657,-1.488977,0
2019-06-12,sh.601838,8.6800,8.7100,8.6500,8.6900,12648975,109747143.0000,3,0.677635,1,-0.229626,6.427076,0.965218,2.610649,-1.485558,0
2019-06-13,sh.601838,8.6700,8.7800,8.6600,8.7200,11286385,98490968.0000,3,0.604638,1,0.345232,6.449264,0.968550,2.619661,-1.490687,0
2019-06-14,sh.601838,8.7300,8.9000,8.7100,8.8200,40229166,354729018.0000,3,2.155171,1,1.146782,6.523224,0.979658,2.649703,-1.507782,0
2019-06-17,sh.601838,8.8000,9.0600,8.7600,8.9100,20007032,179182841.0000,3,1.071824,1,1.020410,6.589787,0.989654,2.676741,-1.523167,0
2019-06-18,sh.601838,8.8900,8.9900,8.8200,8.9700,12778160,114031262.0000,3,0.684556,1,0.673405,6.634163,0.996318,2.694766,-1.533424,0
2019-06-19,sh.601838,9.1500,9.1500,8.9200,8.9800,16428407,148534312.0000,3,0.880108,1,0.111475,6.641559,0.997429,2.697771,-1.535134,0
2019-06-20,sh.601838,8.9500,9.1900,8.9200,9.1000,28767420,261311125.0000,3,1.541138,1,1.336312,6.730310,1.010758,2.733821,-1.555648,0
2019-06-21,sh.601838,9.1600,9.1600,9.0400,9.0800,15755657,143184487.0000,3,0.844068,1,-0.219785,6.715518,1.008536,2.727813,-1.552229,0
2019-06-24,sh.601838,9.1000,9.1200,8.9700,9.0000,12109412,109199288.0000,3,0.648730,1,-0.881056,6.656351,0.999651,2.703779,-1.538553,0
2019-06-25,sh.601838,9.0200,9.0500,8.8100,8.9400,12683027,113261206.0000,3,0.679460,1,-0.666671,6.611975,0.992986,2.685754,-1.528296,0
2019-06-26,sh.601838,8.9200,9.0000,8.8800,8.9100,6794877,60575808.0000,3,0.364018,1,-0.335568,6.589787,0.989654,2.676741,-1.523167,0
2019-06-27,sh.601838,8.9100,9.0300,8.9000,8.9300,9356085,83817958.0000,3,0.501227,1,0.224472,6.604579,0.991876,2.682750,-1.526586,0
2019-06-28,sh.601838,8.9100,8.9600,8.8000,8.8300,8949886,79186358.0000,3,0.479466,1,-1.119825,6.530620,0.980768,2.652708,-1.509491,0
2019-07-01,sh.601838,8.9300,8.9600,8.8800,8.9300,18415530,164493213.0000,3,0.986563,1,1.132507,6.604579,0.991876,2.682750,-1.526586,0
2019-07-02,sh.601838,8.9300,8.9600,8.8900,8.9300,14395861,128600689.0000,3,0.771220,1,0.000000,6.604579,0.991876,2.682750,-1.526586,0
2019-07-03,sh.601838,8.9400,8.9600,8.8900,8.9400,9729505,86887452.0000,3,0.521232,1,0.111974,6.611975,0.992986,2.685754,-1.528296,0
2019-07-04,sh.601838,8.9400,9.0600,8.9400,9.0100,11627618,104581415.0000,3,0.622919,1,0.783005,6.663747,1.000761,2.706783,-1.540262,0
2019-07-05,sh.601838,9.0200,9.0200,8.8600,8.9200,12759711,113799024.0000,3,0.683568,1,-0.998892,6.597183,0.990765,2.679745,-1.524877,0
2019-07-08,sh.601838,8.8900,8.9100,8.7100,8.7300,10709100,94139920.0000,3,0.573712,1,-2.130051,6.456660,0.969661,2.622666,-1.492396,0
2019-07-09,sh.601838,8.7200,8.7800,8.7100,8.7400,7003848,61178688.0000,3,0.375213,1,0.114550,6.464056,0.970772,2.625670,-1.494106,0
2019-07-10,sh.601838,8.7600,8.7700,8.4700,8.5400,22435879,192755109.0000,3,1.201943,1,-2.288327,6.316137,0.948557,2.565586,-1.459916,0
2019-07-11,sh.601838,8.5500,8.6000,8.3100,8.4100,32215595,271980615.0000,3,1.725865,1,-1.522250,6.219990,0.934118,2.526531,-1.437692,0
2019-07-12,sh.601838,8.4500,8.5800,8.3900,8.5700,20196097,171629772.0000,3,1.081952,1,1.902495,6.338325,0.951890,2.574598,-1.465044,0
2019-07-15,sh.601838,8.5500,8.7300,8.5100,8.7000,16335999,141290639.0000,3,0.875158,1,1.516921,6.434472,0.966329,2.613653,-1.487268,0
2019-07-16,sh.601838,8.6900,8.8300,8.6700,8.8100,15424876,135518181.0000,3,0.826347,1,1.264375,6.515828,0.978547,2.646699,-1.506072,0
2019-07-17,sh.601838,8.8200,8.8600,8.7600,8.8300,13744976,121114700.0000,3,0.736351,1,0.227009,6.530620,0.980768,2.652708,-1.509491,0
2019-07-18,sh.601838,8.7900,8.8300,8.7300,8.7800,13590261,119284124.0000,3,0.728062,1,-0.566254,6.493640,0.975215,2.637687,-1.500944,0
2019-07-19,sh.601838,8.3900,8.4300,8.3000,8.3400,18359595,153558241.0000,3,0.983567,1,-1.067617,6.168218,0.926343,2.505502,-1.425725,0
2019-07-22,sh.601838,8.3700,8.3900,8.2700,8.3400,10497500,87613807.0000,3,0.562376,1,0.000000,6.168218,0.926343,2.505502,-1.425725,0
2019-07-23,sh.601838,8.3300,8.4700,8.3200,8.4700,11151000,93644466.0000,3,0.597385,1,1.558754,6.081272,0.940782,2.501103,-1.447949,0
2019-07-24,sh.601838,8.4500,8.5300,8.4000,8.4300,15567703,131948758.0000,3,0.833998,1,-0.472255,6.052553,0.936339,2.489291,-1.441111,0
2019-07-25,sh.601838,8.4500,8.5200,8.4200,8.5200,12839592,108874999.0000,3,0.687847,1,1.067617,6.117171,0.946336,2.515867,-1.456497,0
2019-07-26,sh.601838,8.4900,8.5600,8.4500,8.5200,9828631,83523232.0000,3,0.526500,1,0.000000,6.117171,0.946336,2.515867,-1.456497,0
2019-07-29,sh.601838,8.5300,8.5700,8.4800,8.5200,8788488,74871079.0000,3,0.470820,1,0.000000,6.117171,0.946336,2.515867,-1.456497,0
2019-07-30,sh.601838,8.5400,8.6300,8.5000,8.6200,14063833,120852301.0000,3,0.753400,1,1.173700,6.188969,0.957443,2.545396,-1.473592,0
2019-07-31,sh.601838,8.5800,8.5900,8.4700,8.5000,12902904,109888315.0000,3,0.691200,1,-1.392100,6.102812,0.944114,2.509961,-1.453077,0
2019-08-01,sh.601838,8.4500,8.4900,8.3600,8.4100,12681502,106685864.0000,3,0.679400,1,-1.058800,6.038194,0.934118,2.483385,-1.437692,0
2019-08-02,sh.601838,8.2700,8.3400,8.2100,8.2600,14261321,117834660.0000,3,0.764000,1,-1.783600,5.930497,0.917457,2.439092,-1.412049,0
2019-08-05,sh.601838,8.2200,8.2800,8.1000,8.1000,13696614,112078016.0000,3,0.733800,1,-1.937000,5.815620,0.899686,2.391846,-1.384697,0
2019-08-06,sh.601838,8.0100,8.0100,7.8800,7.9300,16876943,134121830.0000,3,0.904100,1,-2.098800,5.693564,0.880803,2.341646,-1.355636,0
2019-08-07,sh.601838,7.9600,7.9900,7.8600,7.8700,13159732,104185421.0000,3,0.705000,1,-0.756600,5.650486,0.874139,2.323929,-1.345379,0
2019-08-08,sh.601838,7.9100,8.0200,7.8800,7.9400,23448714,186227274.0000,3,1.256200,1,0.889500,5.700744,0.881914,2.344599,-1.357345,0
2019-08-09,sh.601838,7.9600,7.9800,7.8300,7.8600,15989143,126284989.0000,3,0.856600,1,-1.007600,5.643306,0.873028,2.320976,-1.343669,0
2019-08-12,sh.601838,7.8600,8.0000,7.8500,7.9900,10454974,82905851.0000,3,0.560100,1,1.653900,5.736643,0.887468,2.359364,-1.365893,0
2019-08-13,sh.601838,7.9300,8.0200,7.9100,8.0100,9815224,78031868.0000,3,0.525800,1,0.250300,5.751002,0.889689,2.365269,-1.369312,0
2019-08-14,sh.601838,8.0600,8.0800,7.9700,7.9900,10423698,83497208.0000,3,0.558400,1,-0.249700,5.736643,0.887468,2.359364,-1.365893,0
2019-08-15,sh.601838,7.8800,8.0200,7.8000,8.0000,10000299,79324185.0000,3,0.535700,1,0.125200,5.743823,0.888578,2.362317,-1.367602,0
2019-08-16,sh.601838,7.9900,8.0500,7.9600,8.0000,10581334,84809618.0000,3,0.566900,1,0.000000,5.743823,0.888578,2.362317,-1.367602,0
2019-08-19,sh.601838,7.9900,8.1300,7.9000,8.1100,17376427,139456018.0000,3,0.930900,1,1.375000,5.822800,0.900796,2.394798,-1.386407,0
2019-08-20,sh.601838,8.0700,8.1200,8.0500,8.1100,12669157,102547032.0000,3,0.678700,1,0.000000,5.822800,0.900796,2.394798,-1.386407,0
2019-08-21,sh.601838,8.1000,8.1200,8.0700,8.1100,9040067,73134952.0000,3,0.484300,1,0.000000,5.822800,0.900796,2.394798,-1.386407,0
2019-08-22,sh.601838,8.1000,8.1300,8.0700,8.1200,8955919,72529878.0000,3,0.479800,1,0.123300,5.829980,0.901907,2.397751,-1.388116,0
2019-08-23,sh.601838,8.1300,8.2000,8.1000,8.1800,10684624,87079604.0000,3,0.572400,1,0.738900,5.873059,0.908571,2.415469,-1.398373,0
2019-08-26,sh.601838,8.0500,8.1300,8.0400,8.1200,8917345,72230142.0000,3,0.477700,1,-0.733500,5.829980,0.901907,2.397751,-1.388116,0
2019-08-27,sh.601838,8.1700,8.2900,8.1500,8.1800,15394529,126684926.0000,3,0.824700,1,0.738900,5.873059,0.908571,2.415469,-1.398373,0
2019-08-28,sh.601838,8.2100,8.2500,8.1400,8.2200,9309543,76323451.0000,3,0.498700,1,0.489000,5.902011,0.915781,2.421029,3.954772,0
2019-08-29,sh.601838,8.2300,8.2600,8.1300,8.1800,10521286,86059686.0000,3,0.563700,1,-0.486600,5.873291,0.911324,2.409248,3.935527,0
2019-08-30,sh.601838,8.2000,8.2400,8.1500,8.1900,11179574,91555239.0000,3,0.598900,1,0.122200,5.880471,0.912438,2.412193,3.940338,0
2019-09-02,sh.601838,8.2100,8.2800,8.1600,8.2300,13594180,111857652.0000,3,0.728300,1,0.488400,5.909191,0.916895,2.423974,3.959583,0
2019-09-03,sh.601838,8.2200,8.2900,8.2000,8.2500,9516177,78428358.0000,3,0.509800,1,0.243000,5.923551,0.919123,2.429865,3.969205,0
2019-09-04,sh.601838,8.2500,8.3800,8.2200,8.3200,18267286,151620615.0000,3,0.978600,1,0.848500,5.973812,0.926922,2.450482,4.002883,0
2019-09-05,sh.601838,8.3400,8.4900,8.3300,8.3600,24819897,208803843.0000,3,1.329700,1,0.480800,6.002532,0.931378,2.462263,4.022128,0
2019-09-06,sh.601838,8.3900,8.4000,8.3300,8.3700,12217979,102076439.0000,3,0.654500,1,0.119600,6.009712,0.932492,2.465208,4.026939,0
2019-09-09,sh.601838,8.4700,8.4700,8.3900,8.4000,15680250,132026757.0000,3,0.840000,1,0.358400,6.031252,0.935834,2.474044,4.041372,0
2019-09-10,sh.601838,8.4200,8.4300,8.3200,8.3600,9817741,82025814.0000,3,0.526000,1,-0.476200,6.002532,0.931378,2.462263,4.022128,0
2019-09-11,sh.601838,8.3700,8.4200,8.3500,8.3900,10873555,91169524.0000,3,0.582500,1,0.358900,6.024072,0.934720,2.471099,4.036561,0
2019-09-12,sh.601838,8.4100,8.4200,8.3600,8.3900,10492294,87983703.0000,3,0.562100,1,0.000000,6.024072,0.934720,2.471099,4.036561,0
2019-09-16,sh.601838,8.4100,8.4200,8.3600,8.3900,9452149,79266039.0000,3,0.506400,1,0.000000,6.024072,0.934720,2.471099,4.036561,0
2019-09-17,sh.601838,8.3600,8.3800,8.1800,8.2200,11298696,93316014.0000,3,0.605300,1,-2.026200,5.902011,0.915781,2.421029,3.954772,0
2019-09-18,sh.601838,8.2200,8.2700,8.1700,8.1800,6440618,52894131.0000,3,0.345000,1,-0.486600,5.873291,0.911324,2.409248,3.935527,0
2019-09-19,sh.601838,8.2000,8.2100,8.1500,8.2000,5964600,48769148.0000,3,0.319500,1,0.244500,5.887651,0.913553,2.415138,3.945149,0
2019-09-20,sh.601838,8.2100,8.2200,8.1600,8.2100,7428726,60867625.0000,3,0.398000,1,0.122000,5.894831,0.914667,2.418084,3.949960,0
2019-09-23,sh.601838,8.1700,8.1800,8.0500,8.0800,9765271,79004049.0000,3,0.523100,1,-1.583400,5.801490,0.900183,2.379795,3.887415,0
2019-09-24,sh.601838,8.0700,8.1300,8.0600,8.0900,7017500,56787052.0000,3,0.375900,1,0.123800,5.808670,0.901298,2.382740,3.892227,0
2019-09-25,sh.601838,8.0700,8.1300,8.0200,8.0700,7033285,56778678.0000,3,0.376800,1,-0.247200,5.794310,0.899069,2.376850,3.882604,0
2019-09-26,sh.601838,8.1000,8.2200,8.0700,8.1200,14840557,120875738.0000,3,0.795000,1,0.619600,5.830211,0.904640,2.391576,3.906660,0
2019-09-27,sh.601838,8.1200,8.2500,8.1200,8.2400,18362415,150701447.0000,3,0.983700,1,1.477800,5.916371,0.918009,2.426920,3.964394,0
2019-09-30,sh.601838,8.2300,8.2700,8.1200,8.1400,7757722,63697856.0000,3,0.415600,1,-1.213600,5.844571,0.906868,2.397467,3.916282,0
2019-10-08,sh.601838,8.1200,8.2500,8.0900,8.1900,8958807,73232884.0000,3,0.479900,1,0.614200,5.880471,0.912438,2.412193,3.940338,0
2019-10-09,sh.601838,8.1700,8.4300,8.1400,8.3500,20995153,174958521.0000,3,1.124800,1,1.953600,5.995352,0.930264,2.459318,4.017317,0
2019-10-10,sh.601838,8.3200,8.3800,8.2900,8.3500,9955565,82964372.0000,3,0.533300,1,0.000000,5.995352,0.930264,2.459318,4.017317,0
2019-10-11,sh.601838,8.3700,8.4400,8.3100,8.4300,21730586,182717683.0000,3,1.164200,1,0.958100,6.052793,0.939177,2.482880,4.055806,0
2019-10-14,sh.601838,8.5000,8.7700,8.4700,8.5700,43349019,374075171.0000,3,2.322300,1,1.660700,6.153313,0.954774,2.524114,4.123162,0
2019-10-15,sh.601838,8.5700,8.6500,8.5500,8.6000,24414218,209881121.0000,3,1.307900,1,0.350100,6.174854,0.958116,2.532950,4.137596,0
2019-10-16,sh.601838,8.6500,8.7500,8.4700,8.5500,25087083,215978530.0000,3,1.344000,1,-0.581400,6.138953,0.952546,2.518224,4.113540,0
2019-10-17,sh.601838,8.5700,8.6000,8.5100,8.5600,11263818,96243776.0000,3,0.603400,1,0.117000,6.146133,0.953660,2.521169,4.118351,0
2019-10-18,sh.601838,8.5500,8.6000,8.3600,8.4200,17152253,145175129.0000,3,0.918900,1,-1.635500,6.045613,0.938062,2.479935,4.050995,0
2019-10-21,sh.601838,8.4200,8.5000,8.3400,8.4300,15918227,133993622.0000,3,0.852800,1,0.118800,6.052793,0.939177,2.482880,4.055806,0
2019-10-22,sh.601838,8.4400,8.5200,8.3600,8.4800,13818399,116465824.0000,3,0.740300,1,0.593100,6.088693,0.944747,2.497607,4.079862,0
2019-10-23,sh.601838,8.4600,8.5400,8.4300,8.4900,14223732,120836415.0000,3,0.762000,1,0.117900,6.095873,0.945861,2.500552,4.084673,0
2019-10-24,sh.601838,8.4900,8.6300,8.4800,8.5500,17120144,146697095.0000,3,0.917200,1,0.706700,6.138953,0.952546,2.518224,4.113540,0
2019-10-25,sh.601838,8.5700,8.6000,8.5100,8.5700,13094550,112116493.0000,3,0.701500,1,0.233900,6.153313,0.954774,2.524114,4.123162,0
2019-10-28,sh.601838,8.5700,8.5800,8.4300,8.5300,14626612,124427781.0000,3,0.783600,1,-0.466700,6.124593,0.950317,2.512333,4.103917,0
2019-10-29,sh.601838,8.5300,8.5700,8.4300,8.4700,11132972,94487692.0000,3,0.596400,1,-0.703400,6.081513,0.943633,2.494661,4.075051,0
2019-10-30,sh.601838,8.4000,8.4900,8.3900,8.4400,11769371,99441431.0000,3,0.630500,1,-0.354200,6.059973,0.940291,2.485825,4.060617,0
2019-10-31,sh.601838,8.5400,8.5800,8.3900,8.4300,14053651,118811938.0000,3,0.752900,1,-0.118500,5.788393,0.896832,2.441157,4.214646,0
2019-11-01,sh.601838,8.4200,8.7000,8.3600,8.6600,29232102,251109235.0000,3,1.566000,1,2.728300,5.946321,0.921301,2.507761,4.329636,0
2019-11-04,sh.601838,8.6600,8.8000,8.6500,8.7000,20698140,180199456.0000,3,1.108800,1,0.461900,5.973787,0.925556,2.519344,4.349634,0
2019-11-05,sh.601838,8.6900,8.9700,8.6400,8.8700,43736038,387602755.0000,3,2.343000,1,1.954000,6.090516,0.943642,2.568573,4.434627,0
2019-11-06,sh.601838,8.8500,8.9300,8.7900,8.8300,21652696,191747743.0000,3,1.160000,1,-0.451000,6.063050,0.939386,2.556989,4.414629,0
2019-11-07,sh.601838,8.8600,8.9800,8.8500,8.9000,20214147,180137220.0000,3,1.082900,1,0.792700,6.111115,0.946833,2.577260,4.449626,0
2019-11-08,sh.601838,8.9600,8.9800,8.7800,8.8200,19179246,169917510.0000,3,1.027500,1,-0.898900,6.056184,0.938322,2.554094,4.409629,0
2019-11-11,sh.601838,8.7600,8.7700,8.5900,8.6100,20607639,178614882.0000,3,1.104000,1,-2.381000,5.911989,0.915981,2.493282,4.304638,0
2019-11-12,sh.601838,8.5800,8.7400,8.5700,8.6800,15365900,133025961.0000,3,0.823200,1,0.813000,5.960054,0.923428,2.513552,4.339635,0
2019-11-13,sh.601838,8.6700,8.7200,8.5800,8.6300,14298968,123550497.0000,3,0.766000,1,-0.576000,5.925722,0.918109,2.499073,4.314637,0
2019-11-14,sh.601838,8.6300,8.6800,8.5600,8.6100,12982930,111811968.0000,3,0.695500,1,-0.231800,5.911989,0.915981,2.493282,4.304638,0
2019-11-15,sh.601838,8.6200,8.6500,8.5100,8.5300,15567869,133355360.0000,3,0.834000,1,-0.929200,5.857058,0.907471,2.470115,4.264641,0
2019-11-18,sh.601838,8.5300,8.6700,8.4800,8.6300,12975499,111511115.0000,3,0.695100,1,1.172300,5.925722,0.918109,2.499073,4.314637,0
2019-11-19,sh.601838,8.6200,8.7200,8.5900,8.6800,10681798,92473326.0000,3,0.572200,1,0.579400,5.960054,0.923428,2.513552,4.339635,0
2019-11-20,sh.601838,8.6700,8.6700,8.5100,8.5300,11854440,101555464.0000,3,0.635100,1,-1.728100,5.857058,0.907471,2.470115,4.264641,0
2019-11-21,sh.601838,8.5000,8.5400,8.4500,8.4900,9154141,77644715.0000,3,0.490400,1,-0.468900,5.829592,0.903215,2.458532,4.244643,0
2019-11-22,sh.601838,8.4900,8.5500,8.4000,8.4300,10495634,88740161.0000,3,0.562300,1,-0.706700,5.788393,0.896832,2.441157,4.214646,0
2019-11-25,sh.601838,8.4300,8.5900,8.4300,8.5600,12439398,106052456.0000,3,0.666400,1,1.542100,5.877657,0.910662,2.478803,4.279640,0
2019-11-26,sh.601838,8.5800,8.6400,8.5100,8.6300,20833877,178992694.0000,3,1.116100,1,0.817800,5.925722,0.918109,2.499073,4.314637,0
2019-11-27,sh.601838,8.5800,8.7100,8.5500,8.6100,12209641,105376915.0000,3,0.654100,1,-0.231800,5.911989,0.915981,2.493282,4.304638,0
2019-11-28,sh.601838,8.6300,8.6500,8.5200,8.5400,6897930,59049729.0000,3,0.369500,1,-0.813000,5.863924,0.908534,2.473011,4.269641,0
2019-11-29,sh.601838,8.5500,8.6200,8.5000,8.5400,7355162,62875110.0000,3,0.394000,1,0.000000,5.863924,0.908534,2.473011,4.269641,0
2019-12-02,sh.601838,8.5400,8.6200,8.5300,8.6100,11061978,95054868.0000,3,0.592600,1,0.819700,5.911989,0.915981,2.493282,4.304638,0
2019-12-03,sh.601838,8.5900,8.6000,8.5300,8.5800,6983398,59816736.0000,3,0.374100,1,-0.348400,5.891390,0.912790,2.484594,4.289639,0
2019-12-04,sh.601838,8.5500,8.5700,8.4900,8.4900,6379691,54374135.0000,3,0.341800,1,-1.049000,5.829592,0.903215,2.458532,4.244643,0
2019-12-05,sh.601838,8.5100,8.5500,8.4700,8.5300,11091327,94429523.0000,3,0.585700,1,0.471100,5.857058,0.907471,2.470115,4.264641,0
2019-12-06,sh.601838,8.5300,8.5500,8.5000,8.5200,11918423,101570636.0000,3,0.629400,1,-0.117200,5.850191,0.906407,2.467220,4.259642,0
2019-12-09,sh.601838,8.5400,8.5700,8.5000,8.5400,13872326,118313536.0000,3,0.732600,1,0.234700,5.863924,0.908534,2.473011,4.269641,0
2019-12-10,sh.601838,8.5100,8.5400,8.4700,8.4800,12054252,102496106.0000,3,0.636600,1,-0.702600,5.822725,0.902151,2.455636,4.239644,0
2019-12-11,sh.601838,8.4900,8.5600,8.4800,8.5400,13351107,113744501.0000,3,0.705100,1,0.707600,5.863924,0.908534,2.473011,4.269641,0
2019-12-12,sh.601838,8.5400,8.5500,8.4900,8.5100,10521402,89701005.0000,3,0.555600,1,-0.351300,5.843325,0.905343,2.464324,4.254642,0
2019-12-13,sh.601838,8.5500,8.6800,8.5300,8.6800,25397400,218663608.0000,3,1.341200,1,1.997700,5.960054,0.923428,2.513552,4.339635,0
2019-12-16,sh.601838,8.6500,8.7200,8.6000,8.6800,18502678,160243973.0000,3,0.977100,1,0.000000,5.960054,0.923428,2.513552,4.339635,0
2019-12-17,sh.601838,8.6600,8.9600,8.6600,8.8800,32705785,289160918.0000,3,1.727100,1,2.304100,6.097382,0.944706,2.571468,4.439627,0
2019-12-18,sh.601838,8.8300,8.9300,8.8200,8.8500,17845947,158295151.0000,3,0.942400,1,-0.337800,6.076783,0.941514,2.562781,4.424628,0
2019-12-19,sh.601838,8.8600,8.9700,8.8400,8.8900,17309165,154097481.0000,3,0.914100,1,0.452000,6.104249,0.945769,2.574364,4.444626,0
2019-12-20,sh.601838,8.8800,9.0100,8.8500,8.9200,20395354,182068420.0000,3,1.077000,1,0.337500,6.124848,0.948961,2.583052,4.459625,0
2019-12-23,sh.601838,8.9200,8.9800,8.7400,8.7400,20491776,181410704.0000,3,1.082100,1,-2.017900,6.001252,0.929812,2.530927,4.369633,0
2019-12-24,sh.601838,8.8500,8.8700,8.7700,8.8100,12322894,108640734.0000,3,0.650800,1,0.800900,6.049317,0.937259,2.551198,4.404630,0
2019-12-25,sh.601838,8.7900,8.8200,8.7200,8.7700,12279214,107685009.0000,3,0.648400,1,-0.454000,6.021852,0.933003,2.539615,4.384631,0
2019-12-26,sh.601838,8.7600,8.9000,8.7600,8.9000,13508849,119459583.0000,3,0.713400,1,1.482300,6.111115,0.946833,2.577260,4.449626,0
2019-12-27,sh.601838,8.8900,9.0800,8.8800,8.9800,28699286,257981586.0000,3,1.515600,1,0.898900,6.166047,0.955344,2.600426,4.489623,0
2019-12-30,sh.601838,8.9300,8.9800,8.8300,8.9600,18826710,167731892.0000,3,0.994200,1,-0.222700,6.152314,0.953216,2.594635,4.479623,0
2019-12-31,sh.601838,8.9500,9.0700,8.8900,9.0700,21375633,192038574.0000,3,1.128500,1,1.227700,6.227844,0.964919,2.626489,4.534619,0
2020-01-02,sh.601838,9.2400,9.2700,9.0300,9.0500,37252932,340015472.0000,3,1.966700,1,-0.220500,6.214111,0.962791,2.620697,4.524620,0
2020-01-03,sh.601838,9.0500,9.0500,8.9300,8.9500,24044321,215972063.0000,3,1.269400,1,-1.105000,6.145447,0.952153,2.591739,4.474624,0
2020-01-06,sh.601838,8.9000,8.9800,8.8500,8.9100,19877561,177263539.0000,3,1.049400,1,-0.446900,6.117982,0.947897,2.580156,4.454626,0
2020-01-07,sh.601838,9.0200,9.1700,9.0200,9.0700,31436072,285551298.0000,3,1.659600,1,1.795700,5.902201,0.964919,2.573491,4.534619,0
2020-01-08,sh.601838,9.0100,9.0400,8.8600,8.8800,25214495,225667136.0000,3,1.331200,1,-2.094800,5.778561,0.944706,2.519581,4.439627,0
2020-01-09,sh.601838,8.9400,8.9900,8.9000,8.9500,19322922,172734371.0000,3,1.020100,1,0.788300,5.824113,0.952153,2.539443,4.474624,0
2020-01-10,sh.601838,8.9700,9.0700,8.9400,8.9700,17358215,155945917.0000,3,0.916400,1,0.223500,5.837127,0.954280,2.545118,4.484623,0
2020-01-13,sh.601838,8.9500,9.1300,8.9500,9.1300,24368535,220555689.0000,3,1.286500,1,1.783700,5.941246,0.971302,2.590516,4.564616,0
2020-01-14,sh.601838,9.1300,9.1700,9.0400,9.0600,17387977,158121838.0000,3,0.918000,1,-0.766700,5.895694,0.963855,2.570654,4.529619,0
2020-01-15,sh.601838,9.0600,9.0800,8.9900,9.0000,11439684,103173332.0000,3,0.603900,1,-0.662300,5.856650,0.957472,2.553630,4.499622,0
2020-01-16,sh.601838,9.0200,9.0500,8.9500,8.9700,11139607,100159897.0000,3,0.588100,1,-0.333300,5.837127,0.954280,2.545118,4.484623,0
2020-01-17,sh.601838,8.9700,9.0400,8.8900,8.9100,12771148,114345619.0000,3,0.674200,1,-0.668900,5.798083,0.947897,2.528094,4.454626,0
2020-01-20,sh.601838,8.9200,9.0400,8.9000,9.0200,15032381,135241133.0000,3,0.793600,1,1.234600,5.869664,0.959600,2.559305,4.509621,0
2020-01-21,sh.601838,9.0200,9.0500,8.8800,8.9000,16186134,144810010.0000,3,0.854500,1,-1.330400,5.791576,0.946833,2.525256,4.449626,0
2020-01-22,sh.601838,8.8800,8.9600,8.8200,8.9300,13848977,123205125.0000,3,0.731100,1,0.337100,5.811098,0.950025,2.533768,4.464625,0
2020-01-23,sh.601838,8.9000,8.9000,8.6300,8.6800,24442814,214195179.0000,3,1.290400,1,-2.799600,5.648413,0.923428,2.462834,4.339635,0
2020-02-03,sh.601838,7.8900,8.1700,7.8100,7.9300,36611136,290862658.0000,3,1.932800,1,-8.640600,5.160359,0.843639,2.250032,3.964667,0
2020-02-04,sh.601838,7.9700,8.2400,7.9600,8.2000,28167041,228776758.0000,3,1.487000,1,3.404800,5.336059,0.872363,2.326641,4.099655,0
2020-02-05,sh.601838,8.2300,8.3500,8.1300,8.1500,22476805,184557580.0000,3,1.186600,1,-0.609800,5.303522,0.867044,2.312454,4.074657,0
2020-02-06,sh.601838,8.1900,8.2900,8.1100,8.2300,23600786,193181378.0000,3,1.245900,1,0.981600,5.355581,0.875555,2.335153,4.114654,0
2020-02-07,sh.601838,8.2000,8.4400,8.1200,8.2600,17118923,140015282.0000,3,0.903800,1,0.364500,5.375103,0.878746,2.343665,4.129653,0
2020-02-10,sh.601838,8.2000,8.2600,8.1700,8.2400,14180496,116597821.0000,3,0.748600,1,-0.242100,5.362088,0.876619,2.337990,4.119654,0
2020-02-11,sh.601838,8.2600,8.3600,8.2400,8.2800,15757416,130793103.0000,3,0.831900,1,0.485400,5.388118,0.880874,2.349339,4.139652,0
2020-02-12,sh.601838,8.2600,8.3300,8.2300,8.3200,12761335,105702528.0000,3,0.673700,1,0.483100,5.414147,0.885130,2.360689,4.159650,0
2020-02-13,sh.601838,8.3000,8.3100,8.2000,8.2300,13728086,113286475.0000,3,0.724700,1,-1.081700,5.355581,0.875555,2.335153,4.114654,0
2020-02-14,sh.601838,8.2000,8.3200,8.2000,8.2900,11394352,94077880.0000,3,0.601500,1,0.729000,5.394625,0.881938,2.352177,4.144652,0
2020-02-17,sh.601838,8.2900,8.4800,8.2600,8.4800,27619168,230523689.0000,3,1.458100,1,2.291900,5.518265,0.902151,2.406087,4.239644,0
2020-02-18,sh.601838,8.4100,8.4400,8.3400,8.3700,21310761,178549385.0000,3,1.125100,1,-1.297200,5.446684,0.890449,2.374876,4.184648,0
2020-02-19,sh.601838,8.3500,8.4200,8.3000,8.3100,20180637,168658634.0000,3,1.065400,1,-0.716800,5.446684,0.890449,2.374876,4.184648,0
2020-02-20,sh.601838,8.3200,8.5100,8.2900,8.4900,31581774,265012669.0000,3,1.667300,1,2.166100,5.524773,0.903215,2.408924,4.244643,0
2020-02-21,sh.601838,8.4700,8.5700,8.4300,8.4800,25128191,213019841.0000,3,1.326600,1,-0.117800,5.518265,0.902151,2.406087,4.239644,0
2020-02-24,sh.601838,8.4500,8.4800,8.3500,8.4000,25553196,214532495.0000,3,1.349000,1,-0.943400,5.466206,0.893640,2.383388,4.199647,0
2020-02-25,sh.601838,8.2800,8.3200,8.1900,8.2600,24563874,202735858.0000,3,1.296800,1,-1.666700,5.375103,0.878746,2.343665,4.129653,0
2020-02-26,sh.601838,8.2000,8.4200,8.1600,8.3000,26795643,222690286.0000,3,1.414600,1,0.484300,5.401132,0.883002,2.355014,4.149651,0
2020-02-27,sh.601838,8.3200,8.3500,8.2200,8.2800,20453174,169298835.0000,3,1.079800,1,-0.241000,5.388118,0.880874,2.349339,4.139652,0
2020-02-28,sh.601838,8.1500,8.2300,8.0300,8.1700,25475555,206979415.0000,3,1.344900,1,-1.328500,5.316536,0.869172,2.318128,4.084657,0
2020-03-02,sh.601838,8.1300,8.3100,8.1100,8.2800,30328381,249697870.0000,3,1.601100,1,1.346400,5.388118,0.880874,2.349339,4.139652,0
2020-03-03,sh.601838,8.3200,8.3300,8.2200,8.2500,29215603,241923815.0000,3,1.542400,1,-0.362300,5.368595,0.877683,2.340827,4.124653,0
2020-03-04,sh.601838,8.2000,8.2800,8.1800,8.2800,15306755,125898878.0000,3,0.808100,1,0.363600,5.388118,0.880874,2.349339,4.139652,0
2020-03-05,sh.601838,8.3300,8.5400,8.2800,8.4900,48061118,405864920.0000,3,2.537300,1,2.536200,5.524773,0.903215,2.408924,4.244643,0
2020-03-06,sh.601838,8.4200,8.4200,8.3300,8.3400,25475787,213219272.0000,3,1.344900,1,-1.766800,5.427162,0.887257,2.366364,4.169649,0
2020-03-09,sh.601838,8.2300,8.2300,8.0800,8.1000,28809492,234606506.0000,3,1.520900,1,-2.877700,5.270985,0.861725,2.298267,4.049660,0
2020-03-10,sh.601838,8.0300,8.2000,8.0300,8.1900,23444570,190660512.0000,3,1.237700,1,1.111100,5.329551,0.871299,2.323803,4.094656,0
2020-03-11,sh.601838,8.1800,8.2100,8.1000,8.1100,20570745,167762662.0000,3,1.086000,1,-0.976800,5.277492,0.862789,2.301104,4.054659,0
2020-03-12,sh.601838,8.0800,8.1500,8.0300,8.0600,20534019,165955649.0000,3,1.084000,1,-0.616500,5.244955,0.857469,2.286917,4.029661,0
2020-03-13,sh.601838,7.8200,8.0200,7.6500,8.0100,29347252,231017643.0000,3,1.549300,1,-0.620300,5.212418,0.852150,2.272731,4.004663,0
2020-03-16,sh.601838,8.0100,8.0100,7.7300,7.7500,27190924,214220554.0000,3,1.435500,1,-3.245900,5.043226,0.824490,2.198959,3.874674,0
2020-03-17,sh.601838,7.7600,7.8300,7.6500,7.7500,18737475,144932916.0000,3,0.989200,1,0.000000,5.043226,0.824490,2.198959,3.874674,0
2020-03-18,sh.601838,7.7700,7.8100,7.5700,7.5700,20363265,156966839.0000,3,1.075000,1,-2.322600,4.926093,0.805340,2.147886,3.784682,0
2020-03-19,sh.601838,7.5500,7.6000,7.3600,7.4500,21055055,157335192.0000,3,1.111600,1,-1.585200,4.848004,0.792574,2.113838,3.724687,0
2020-03-20,sh.601838,7.5100,7.6200,7.4800,7.5900,14272739,107654684.0000,3,0.753500,1,1.879200,4.939108,0.807468,2.153561,3.794681,0
2020-03-23,sh.601838,7.4200,7.4800,7.3800,7.3800,13181759,97784867.0000,3,0.695900,1,-2.766800,4.802453,0.785127,2.093977,3.689690,0
2020-03-24,sh.601838,7.5000,7.5200,7.4100,7.5100,15760222,117753510.0000,3,0.832000,1,1.761500,4.887049,0.798957,2.130862,3.754684,0
2020-03-25,sh.601838,7.6500,7.6700,7.5600,7.6100,15982711,121634997.0000,3,0.843800,1,1.331600,4.952123,0.809596,2.159236,3.804680,0
2020-03-26,sh.601838,7.6000,7.7600,7.5600,7.6600,20185483,154906456.0000,3,1.065600,1,0.657000,4.984660,0.814915,2.173423,3.829678,0
2020-03-27,sh.601838,7.7200,7.7700,7.6500,7.6600,12486534,96193776.0000,3,0.659200,1,0.000000,4.984660,0.814915,2.173423,3.829678,0
2020-03-30,sh.601838,7.5900,7.6300,7.5200,7.5800,11533242,87283833.0000,3,0.608900,1,-1.044400,4.932600,0.806404,2.150724,3.789681,0
2020-03-31,sh.601838,7.6500,7.6600,7.5000,7.5300,12607902,95501943.0000,3,0.665600,1,-0.659600,4.900064,0.801085,2.136537,3.764684,0
2020-04-01,sh.601838,7.5500,7.6500,7.5300,7.5300,9564725,72505347.0000,3,0.504900,1,0.000000,4.900064,0.801085,2.136537,3.764684,0
2020-04-02,sh.601838,7.4800,7.5800,7.4600,7.5800,9446752,71169837.0000,3,0.498700,1,0.664000,4.932600,0.806404,2.150724,3.789681,0
2020-04-03,sh.601838,7.5600,7.5900,7.4900,7.5100,8230793,62044008.0000,3,0.434500,1,-0.923500,4.887049,0.798957,2.130862,3.754684,0
2020-04-07,sh.601838,7.6000,7.6600,7.5900,7.6200,16446760,125275569.0000,3,0.868300,1,1.464700,4.958630,0.810660,2.162073,3.809680,0
2020-04-08,sh.601838,7.5800,7.6000,7.5600,7.6000,9634312,73064441.0000,3,0.508600,1,-0.262500,4.945615,0.808532,2.156399,3.799681,0
2020-04-09,sh.601838,7.6200,7.6300,7.5800,7.6000,8608533,65468623.0000,3,0.454500,1,0.000000,4.945615,0.808532,2.156399,3.799681,0
2020-04-10,sh.601838,7.6100,7.6500,7.5700,7.5900,10444552,79455937.0000,3,0.551400,1,-0.131600,4.939108,0.807468,2.153561,3.794681,0
2020-04-13,sh.601838,7.5500,7.5500,7.5000,7.5300,6742716,50706964.0000,3,0.356000,1,-0.790500,4.900064,0.801085,2.136537,3.764684,0
2020-04-14,sh.601838,7.5400,7.5800,7.5200,7.5600,9270230,69963854.0000,3,0.489400,1,0.398400,4.919586,0.804276,2.145049,3.779682,0
2020-04-15,sh.601838,7.5600,7.5700,7.5000,7.5000,9268244,69792092.0000,3,0.489300,1,-0.793700,4.880541,0.797893,2.128025,3.749685,0
2020-04-16,sh.601838,7.4800,7.5200,7.4400,7.4800,11329418,84679445.0000,3,0.598100,1,-0.266700,4.867527,0.795766,2.122350,3.739686,0
